IFNA7,21377,22463,19728,17060,21764,130,117,82,125,92
IFNA10,23338,20301,19909,17844,24029,175,119,104,125,110
IFNA2,24029,23060,19283,20301,19136,195,128,100,123,111
IFNA21,20669,21577,13443,19233,14034,172,145,127,125,120
IFNB1,22876,21948,20365,18109,19969,206,138,81,157,93
IFNA14,21091,19365,17931,15758,22095,228,145,90,140,91
IFNA16,23060,21248,20424,17746,20583,189,170,101,155,103
IFNA4,10022,12654,7996,14467,9747,89,83,76,95,84
IFNA8,13240,13734,8044,16087,11876,115,114,100,103,127
IFNA5,10096,8180,7054,15018,9397,83,97,81,102,78
IFNA1,10497,13619,6124,14934,10066,124,119,101,104,103
IFNW1,8665,6903,5663,9198,7428,95,96,94,103,89
PTGS2,16597,7551,5025,6910,4015,598,112,110,164,126
IFNL1,10196,3298,3022,6158,4328,83,82,83,86,89
CCL5,18807,16087,14732,11565,16169,834,298,270,385,420
IL12A,3877,4538,2257,3253,2127,106,84,85,93,83
CCL3L1,9247,7309,2920,5102,4138,683,241,90,170,101
CCL3,13870,12086,5936,8016,4730,1677,528,122,324,159
CCL3L3,19600,18807,9824,12362,10164,3240,985,126,510,256
IFNL2,5444,1720,1321,1901,1687,86,100,82,99,91
CXCL10,4232,5620,11030,8805,9421,757,650,119,458,533
NEU4,2099,1423,1321,793,1975,93,80,89,95,88
CCL4L1,6955,7074,5035,4898,1655,1141,465,121,319,152
FOXC1,3950,2039,1872,1593,1258,180,140,118,128,104
IL6,1605,1831,1930,1059,587,123,118,99,105,112
IFNE,2221,1541,1433,2349,1007,100,123,117,118,114
IFNL3,3257,990,705,1095,728,95,88,93,90,92
IFIT2,21577,19089,17470,22303,19365,3556,1989,600,2651,780
IGFBP4,1762,2077,1891,2232,3294,367,283,125,205,213
RNF144B,2306,2067,1760,2393,1987,224,231,180,225,164
EXT1,1767,892,1087,754,1128,119,133,168,117,126
F8A3,1146,1062,761,1376,918,140,124,113,93,124
NMB,4144,2211,1158,732,752,155,177,137,122,128
GBP4,982,1646,2742,3009,1555,215,219,178,271,215
IFNA6,522,647,460,2387,1050,87,88,89,80,87
CITED2,1600,1121,741,1116,672,148,166,252,194,125
CSRP2,2991,1459,1432,2193,1604,499,255,121,220,238
CXCL9,474,676,893,1398,606,125,95,95,143,105
JUN,2612,1804,843,775,1664,509,267,99,190,299
WARS,5166,6662,7140,6674,7096,1553,1128,1014,886,1118
ARHGDIB,258,538,760,769,662,1285,2948,4686,4317,3899
HMOX1,2616,824,380,1237,654,10420,4986,736,3240,4832
IFIT3,587,1072,1772,4716,2792,303,364,131,809,320
MAP3K8,2852,1640,1346,1674,1120,596,366,251,242,302
HIST2H2AC,5875,3237,1638,2308,2933,2987,786,374,558,621
FAM43A,344,184,159,307,139,1630,853,686,1105,497
HSPA1B,11826,6587,2803,9611,3311,4483,1435,533,1910,831
CCL19,5148,780,795,1112,389,666,176,101,242,127
MYOF,1168,1122,1033,1368,1397,299,259,163,232,294
IFIT1,2524,4850,3973,4764,5387,1476,1664,292,1065,974
PACSIN1,215,309,243,392,287,779,1283,1947,1361,1091
LILRB2,1163,732,1093,882,811,264,182,201,219,178
TNF,8376,6553,4280,5714,3449,2230,1324,1302,1623,916
POLR3C,2360,2495,1612,1492,1734,301,407,475,384,417
LILRA5,567,389,993,582,339,116,134,166,139,95
CD69,2982,1414,2777,3556,837,2298,564,665,851,239
SEPT9,601,1507,2663,1528,981,2999,6224,10851,6553,5521
RANBP3L,922,486,342,428,350,126,95,104,102,122
HIST2H2AA4,7551,4187,2360,3683,3805,4256,1186,606,932,867
ITGB2,1109,1054,2111,1437,849,4287,4492,7966,5725,3189
POU3F1,393,396,525,224,245,99,88,109,92,98
RSAD2,1412,1753,1388,1859,2574,651,596,180,406,439
MIR155HG,12403,9054,11086,13124,8825,8751,2895,1283,2812,2291
OASL,330,466,710,1137,574,148,160,115,145,141
SLC7A11,1630,630,484,1156,751,411,191,118,179,201
HIST2H2AA3,7107,4101,2148,3932,4226,5085,1199,577,1023,1053
SUN2,521,513,632,562,461,1485,1976,4101,2415,1730
PMAIP1,2521,1784,1352,2612,2135,1189,571,257,757,550
RIMS3,157,206,194,212,208,839,767,658,806,548
FOXA1,399,357,218,443,234,96,89,96,95,99
PTPRE,385,317,387,548,310,1426,1213,1773,1790,742
CD70,490,782,808,447,868,165,233,181,216,240
H2AFJ,6244,3050,1615,2148,3064,3429,1222,655,850,716
PDGFRL,1337,1136,1227,1562,1552,1109,374,117,467,261
STAT5A,4010,3240,3418,2019,3619,1227,958,338,634,1491
CD48,438,959,1512,1041,496,107,269,530,543,201
FAM57A,1138,577,717,447,422,334,162,166,153,156
NCF2,2105,1483,918,1368,1837,586,418,132,348,466
PPP1R15A,13498,10022,5437,8067,7948,4630,2730,1211,2295,2208
CXCL8,18535,12019,9326,11444,2057,19089,3302,742,3872,327
HSPA1A,17621,17746,5473,18807,8368,11366,6430,1880,5113,2168
SLAMF7,3633,3109,3306,2663,2573,1644,903,600,1042,839
LHFPL2,256,364,281,248,409,430,965,1415,665,1332
RPS6KA4,362,513,1020,727,558,803,1900,2475,2152,1302
GNG11,612,207,1012,576,524,170,138,200,156,284
DRD4,339,343,670,559,195,1087,1161,3228,1639,585
BCL11A,1316,1436,1975,2269,1094,5917,3843,4837,5370,2589
PUS10,612,336,280,462,268,110,102,96,94,101
FES,132,211,389,190,161,287,629,2484,520,653
STAT4,1092,1068,1470,833,623,458,324,395,247,251
DNAJB4,915,661,387,638,490,401,217,154,193,193
CERK,269,218,319,274,163,881,498,1104,982,523
RNASE6,144,177,234,202,200,273,650,1084,1059,623
NUP210,100,120,158,159,117,339,357,692,456,391
CKB,2050,1752,1412,1096,2948,1741,547,183,417,806
ST8SIA4,381,339,481,446,254,200,107,120,122,111
ARHGAP22,493,310,548,415,409,151,103,124,131,140
IFITM3,2808,3332,3772,4015,4187,1772,1199,506,1617,763
MGST2,214,310,514,377,319,447,986,1545,1583,1004
GBP1,174,408,804,580,482,132,158,149,180,153
SLC20A1,422,349,527,431,495,1303,977,3271,1506,1350
GADD45B,2433,2143,1405,1541,2504,794,782,261,594,686
LAMA5,206,152,150,236,146,498,425,1258,469,298
SAMSN1,638,754,764,560,716,233,256,193,231,329
BCL2A1,694,696,449,798,361,381,227,145,248,193
IL36G,246,396,294,436,332,92,108,85,116,112
ITGB5,457,405,454,422,618,121,168,144,148,207
DCANP1,360,286,787,490,635,992,918,1496,1626,1647
SIPA1L2,778,524,378,392,544,171,176,143,134,249
BATF,323,479,490,333,363,94,104,119,133,120
LPIN1,275,276,252,301,283,1028,636,1083,829,789
LTA,8933,4158,4304,5492,3086,2342,1448,1267,2041,1067
MZB1,316,544,395,425,1570,641,1260,1398,843,2223
P2RY8,166,148,231,180,166,194,381,501,493,535
GLA,6423,3996,2295,3177,2419,2328,1004,634,1081,1284
TNFSF10,1288,3048,3064,2591,6570,960,1184,424,1039,1779
ADGRG5,298,683,533,408,1000,647,1753,1563,1201,2594
SERPINF1,276,222,156,241,316,702,668,525,794,966
ATF3,1455,759,608,939,1154,1111,426,165,273,322
BM458075,2498,2616,1639,1425,1271,1997,1024,495,551,563
NT5C3A,4832,6633,5738,7793,7665,3825,2752,682,2281,2154
RNASET2,1048,994,1782,1015,925,1555,2951,6528,3025,2668
LGALS3,513,850,780,665,653,187,270,159,229,261
ETV3,3866,575,408,721,813,1611,197,184,250,469
HSPA6,722,363,136,732,247,171,116,128,126,120
GPX7,178,349,303,281,303,428,914,1078,870,871
CSF1R,161,189,173,217,134,495,239,1415,541,216
RNF115,451,646,610,490,536,184,206,197,179,187
DENND6B,183,129,193,185,177,382,357,677,523,573
HELZ2,1835,1934,2973,1828,3164,1435,677,659,540,935
CYTH4,228,160,152,151,255,534,450,378,363,570
CYB561A3,458,1977,1863,1516,1459,1304,4794,4863,4241,2948
CTSH,355,617,1002,508,423,709,1369,2937,1576,1408
CKLF,262,383,440,464,316,440,1140,1722,1061,777
ITGB7,148,366,578,269,691,304,1010,1225,862,1412
DNAJB9,1623,1201,1096,1327,936,891,447,405,435,432
PLXNB2,296,214,182,204,205,544,659,560,416,583
CD83,5714,3449,4801,5058,3515,4317,1762,1669,2742,1278
CD80,1089,1248,944,1316,1822,545,391,246,459,846
ARL5B,1204,735,481,742,518,917,290,199,270,190
METTL7A,147,283,187,205,267,173,553,566,352,567
EPHB1,244,223,176,191,363,1038,657,317,464,600
LINC00158,383,330,385,332,272,116,136,102,124,134
ACP5,112,202,155,145,292,155,415,564,152,523
IFI27,3025,5118,3399,3899,11295,998,2594,194,1461,4547
FXYD5,592,928,1490,1063,770,1299,2471,4267,2798,2371
CD38,2237,4844,3278,3830,4814,1456,1991,837,1011,1777
LAG3,314,412,437,283,501,187,189,156,140,136
DNASE1L3,647,1535,1310,1360,1254,2528,3881,3423,3720,2508
EFHD2,328,545,538,383,788,696,1350,2060,1401,1939
TFPI2,575,278,531,161,135,95,114,135,91,107
SEL1L3,459,751,2093,738,452,948,1903,6177,2168,1347
PLAU,172,185,192,147,222,577,310,539,345,475
PMCH,174,188,292,335,295,109,114,122,105,140
ST6GALNAC4,292,362,325,331,440,838,907,1014,688,846
LOC100190986,926,359,377,372,835,963,527,998,369,1042
NFKB1,20030,18453,19835,19325,14732,15375,10529,7428,7607,6926
IFI35,2423,4814,4637,3835,5883,1627,2308,1444,1834,2852
GOLGA8B,1654,833,887,829,1694,2237,1231,2248,1079,2766
BCL2L11,446,316,393,227,202,203,126,127,123,105
LRRC26,204,184,163,142,134,408,446,901,391,254
LOC606724,303,301,289,256,299,492,747,871,789,603
TNFSF9,795,448,510,442,532,345,205,173,219,179
PTPRCAP,124,177,235,253,144,296,441,885,671,373
GBP5,104,233,347,353,310,107,125,120,127,143
ALDOC,2252,1446,1350,1061,762,4748,3337,3729,2960,2545
RXRA,113,114,140,116,144,244,239,287,307,299
SYK,227,314,260,338,420,376,588,776,774,1030
IQSEC1,232,267,271,289,355,667,679,591,724,518
NXT2,1491,1035,879,1421,1362,697,554,392,507,609
CUX2,175,200,120,137,122,249,338,389,353,172
IFITM1,7286,9493,9964,9766,8485,3872,5714,3530,5175,3626
RARRES3,308,327,712,395,423,94,170,161,147,217
MAPKAPK2,548,553,508,723,804,556,1353,1588,1676,1151
HES4,2948,2121,1656,1784,3262,3262,1077,488,848,867
IRF2BPL,152,238,277,539,421,345,668,674,1041,1018
IDH1,2255,2140,1129,1511,1377,592,629,564,623,881
DUSP2,930,569,619,632,388,483,223,270,255,166
TMEM140,359,484,467,400,489,216,249,168,172,193
IGSF3,297,226,168,254,291,105,119,98,144,104
DHCR7,376,234,252,234,316,734,425,394,608,620
HIST2H2BE,783,329,257,472,581,791,197,162,169,267
SAT1,16117,15800,8784,13571,12638,14162,7096,4676,5683,5452
CHAF1A,122,122,129,152,144,234,308,388,305,322
MXD4,126,205,223,172,206,205,487,1293,429,546
TGFBR2,205,415,524,597,313,533,983,2191,1485,784
SLC7A1,1550,895,898,885,607,485,359,408,378,340
BCL2L1,333,343,354,316,253,172,157,126,141,113
C9orf142,233,350,296,219,265,506,987,792,567,627
ARPC3,767,1705,1254,1126,1225,1605,3545,3121,2895,1518
TRIM8,189,357,344,331,379,478,935,953,814,703
S100A4,283,415,1616,468,436,362,1065,4296,1031,1008
NME3,220,371,460,255,234,539,708,1128,470,601
NEXN,374,338,686,696,276,162,170,126,159,153
GRAMD4,104,107,151,143,125,290,295,802,310,181
PLEKHA4,719,299,366,339,200,144,130,122,146,151
FAM49A,1067,772,682,1078,873,529,372,283,459,372
FAM26F,535,516,772,884,659,195,281,394,343,217
LY86,108,199,467,220,143,201,467,1294,500,310
SH3TC1,101,172,183,193,171,354,402,472,383,474
EAF2,437,792,471,508,443,202,350,192,198,233
C15orf39,171,448,461,357,423,514,1125,1209,881,986
OAS1,972,1506,2030,2306,1204,647,1144,459,1223,556
ANGPTL5,244,258,155,253,175,111,105,94,95,105
AZIN1,902,540,1534,1362,1208,521,203,511,770,659
ITM2C,910,1466,2272,1044,3039,1633,3394,4757,2477,5270
RNF130,232,329,319,262,235,288,607,1034,604,621
IGF2BP2,742,528,428,353,662,480,214,229,215,303
TNFRSF1B,579,1261,1084,1459,918,1050,2502,3650,2967,2310
CD86,246,395,1200,1129,554,138,217,394,452,241
JAML,497,200,341,702,331,495,597,1939,1486,784
USF2,153,253,314,201,135,323,495,544,461,195
UBD,126,289,296,322,185,116,142,120,153,126
ASPHD2,455,274,328,395,435,287,167,173,268,162
FLOT2,335,649,728,553,594,401,1358,1929,1344,1361
TUBA4A,136,166,152,142,171,210,277,591,347,408
CLECL1,2349,3698,3967,3927,2408,936,2841,1826,1575,1621
HESX1,874,995,1060,1923,1675,557,466,138,610,452
ISCA1,369,517,489,758,595,313,227,180,281,199
RAP1GAP2,116,117,144,194,119,270,260,536,375,171
USP18,1146,1424,1369,1669,2130,927,706,183,517,628
HIST2H2AB,594,267,210,323,296,359,130,96,151,128
SNRPN,283,399,496,341,268,596,772,1697,1128,765
CLCF1,1060,571,368,285,364,317,163,109,118,168
LY96,492,643,535,667,560,729,1377,1256,1287,1265
SCAMP5,85,103,120,125,128,164,235,515,269,310
TNFRSF21,2193,1550,1361,1317,1782,282,714,1056,548,690
PABPC4,2191,1762,2396,1576,1829,769,838,1095,815,697
MAL,348,641,2221,502,178,947,1167,3044,1126,435
GPR162,144,141,225,168,106,357,293,561,323,179
TIAF1,221,226,233,217,248,469,506,600,462,509
BLVRA,444,758,921,703,891,339,394,244,336,369
INF2,738,535,717,691,520,1729,1153,2254,1544,1528
CCDC189,210,164,149,132,152,318,339,353,233,364
LAPTM5,373,277,358,393,339,730,567,1078,853,799
POU2F1,701,598,561,507,450,383,263,227,251,212
GNA12,196,263,293,198,200,304,466,623,285,447
IDO1,604,163,716,487,141,286,116,325,218,150
NPIPB5,1626,735,666,457,1193,1752,906,1636,615,1798
NUDT8,245,231,176,240,237,107,124,102,97,121
IRF2BP2,555,432,725,432,307,634,958,1621,1083,827
EXOSC9,1893,2157,1923,2255,2021,1907,1033,492,911,728
NME4,166,217,466,217,172,396,493,988,481,389
PROSER2,294,294,286,194,185,149,129,172,129,126
DUSP11,163,347,273,312,379,141,132,120,156,145
ARHGAP9,99,111,112,147,126,222,246,322,353,247
XXYLT1,221,200,254,287,209,421,487,558,919,364
UAP1L1,168,138,137,146,149,436,262,322,274,326
PECAM1,116,166,181,134,184,204,365,598,273,663
CORO1C,201,319,238,308,381,679,676,565,463,794
ABCC4,244,321,346,420,463,158,152,148,187,170
CECR1,107,118,443,167,154,126,320,1527,380,338
LRRC42,1047,979,914,703,539,727,520,418,414,282
ANKRD37,1698,1005,1766,1638,428,1142,692,750,934,391
MIR302C,343,283,218,344,131,360,113,113,174,130
CNPY3,118,192,225,225,160,234,423,439,420,357
FADS1,267,196,209,316,296,568,568,580,976,956
C21orf58,3245,1129,1265,1369,2766,3587,1539,3257,1695,2973
C3orf14,785,806,607,1847,744,435,334,206,679,362
ARID5B,186,256,397,258,166,112,142,127,118,113
HILPDA,9788,7585,8318,6167,3361,10965,4088,2144,3503,1481
NCOA7,1937,1673,1840,1831,1305,1127,1106,672,846,632
DYNLT1,1243,1782,2574,2093,2208,893,1155,661,983,970
HAPLN3,301,326,376,256,424,250,163,144,151,130
DSC3,313,259,205,301,200,120,107,116,128,123
TPST2,253,303,278,284,273,738,535,1026,599,509
EHD4,1420,1909,1844,1655,2841,1194,857,380,728,978
HEXB,683,667,594,683,658,878,1407,1681,1518,1435
ABHD15,117,144,151,169,127,199,309,507,399,226
HERC5,14345,16597,17322,17554,16306,10340,8087,3581,5751,7732
PDLIM1,95,184,317,155,245,166,396,1161,383,423
GAS6,434,327,297,270,446,701,509,810,430,779
TST,183,270,216,227,197,217,485,493,463,344
DNAJC7,2848,1530,2105,1889,2556,1062,1098,727,743,984
EML4,466,591,512,561,628,1265,1085,1187,1299,1199
ARHGEF3,1499,2621,2211,2803,2471,1102,1429,637,1157,1176
DOCK2,566,1123,1476,992,1005,1722,2144,2876,1865,2177
RAB29,708,672,916,1142,1390,456,288,192,821,429
ALOX5AP,2816,3866,6260,4837,2395,7265,8236,13285,11295,8205
C7orf50,622,1051,2390,840,806,1113,1790,3361,1792,1558
AAED1,380,452,415,479,337,195,235,178,259,192
CYFIP2,107,143,186,175,156,189,302,622,332,447
SPATA31A3,280,207,161,254,179,103,120,97,83,94
TUBB2A,966,827,749,560,1120,736,400,237,315,389
C10orf54,83,82,108,96,102,163,204,325,235,169
TBC1D2B,127,174,134,171,151,303,352,342,320,302
BIK,84,88,86,104,93,132,186,255,249,150
LAMP5,339,381,472,733,355,604,809,1709,1357,753
RNF165,135,118,134,134,134,414,244,285,395,223
DPH3,884,780,477,739,579,538,417,195,348,302
RASSF2,465,1045,351,587,990,1244,1805,654,1094,1678
CSF2,298,254,321,204,119,162,120,116,126,100
PIP4K2A,446,594,691,724,520,688,1259,1441,1796,1046
SLC38A5,584,577,584,564,911,339,297,182,255,275
PCNT,269,386,378,310,355,359,752,1388,449,811
TCL1A,320,319,277,291,302,687,862,593,638,510
GCSAML,216,163,289,226,131,92,94,109,102,106
CORO1A,439,445,558,344,399,678,1332,1450,900,925
AFF3,101,104,146,113,109,173,230,581,313,157
EEF2K,257,264,273,203,310,379,556,651,559,433
MPPE1,140,282,201,162,292,224,424,485,301,423
KCTD5,1076,1538,1341,1822,1258,1829,2819,3368,2923,2248
ZDHHC8,701,880,974,601,816,1716,1655,2913,1100,1790
ITGAL,100,219,197,157,227,290,412,839,414,604
NMI,908,927,1177,1377,1579,545,637,499,560,641
TEX2,227,456,391,418,412,488,1139,845,866,1001
ERP29,876,1417,1683,1330,1396,1457,3086,3337,2663,2930
SULF2,188,151,161,260,180,377,267,397,634,247
CPLX1,248,302,279,222,156,492,742,1390,520,355
REPIN1,1170,2967,3445,2615,2599,2393,5473,7793,4158,5643
CMPK2,168,263,450,578,329,142,181,134,246,157
ENPP4,417,277,403,325,204,235,155,142,168,150
KIF14,229,288,206,142,245,122,110,110,110,134
ECH1,484,477,527,298,353,578,1060,1183,873,993
FHL3,549,777,526,506,717,419,431,161,242,264
ATL3,733,768,638,688,718,485,345,206,297,357
RUNX1,216,217,150,206,198,368,479,558,374,428
ETS1,292,461,454,472,460,638,953,1598,1391,861
ACACA,249,187,185,165,204,426,391,278,344,387
GSTM1,196,187,2747,1145,650,255,248,3278,1818,1346
PDCD4,1920,843,897,824,1756,1854,1182,2220,1324,2259
PTCRA,120,123,195,110,136,185,254,368,176,279
ISG15,18668,20424,18304,16229,19909,12638,10933,4401,6544,9054
TNNI2,113,145,129,131,98,267,215,328,388,171
RPL15,729,1052,1529,1503,987,1474,2168,2515,2427,2073
UBE2A,1300,2086,1794,3126,2876,908,1014,562,1387,1321
TOMM34,2469,2160,1209,1099,2357,1054,1360,1030,831,1466
DEF8,102,120,121,104,128,247,205,295,166,259
HK2,824,759,862,1000,682,676,403,312,569,293
CHCHD10,291,624,368,391,377,412,1027,890,769,672
NKD2,423,783,1413,668,724,1477,1382,3496,1301,1520
NICN1,140,167,198,165,179,197,356,545,241,341
B3GNT2,292,311,467,695,420,199,206,177,324,206
GNG7,138,149,218,145,127,262,329,658,295,210
VAMP8,953,1617,1687,1657,1880,2010,3035,3720,3368,3434
MRPL32,1689,1920,1689,1633,2065,1013,1191,829,832,706
LTA4H,458,996,1109,730,542,1111,1752,2047,1483,1209
ABTB2,320,369,396,274,567,197,182,135,161,206
PARVG,162,229,341,202,214,264,360,639,433,492
TRAF3IP2,274,252,204,164,320,123,140,125,123,170
SLC9A3R1,220,230,290,260,243,266,489,604,518,477
CNTNAP1,429,723,554,574,911,805,1292,1155,989,1459
GFPT1,481,493,557,438,233,259,263,239,230,184
WNT10A,192,259,308,338,252,612,477,520,698,471
RRAGC,1131,1022,707,989,1109,655,510,333,546,438
TMEM256,935,1138,1753,815,646,1875,2103,3164,1636,1397
ACSS2,144,140,191,158,206,331,199,404,316,305
SOX4,1705,1973,1710,764,1138,823,854,990,474,852
TMEM91,144,117,113,127,162,322,170,254,160,255
SCD,4263,2379,1877,2221,2121,7996,4748,4002,4438,4382
MCEE,217,289,260,280,210,313,534,520,541,449
PPM1M,151,215,259,199,241,276,429,661,387,441
NINJ1,8845,6868,3979,6440,5113,7107,4010,1834,3237,2655
FGR,249,232,223,228,274,398,462,510,501,375
IFI6,6224,8549,7895,6377,9964,3910,4955,2839,3979,4347
BAZ1A,2103,1644,995,1357,1626,1777,1022,333,597,819
ATPIF1,152,233,276,265,157,194,534,719,463,296
CLLU1OS,310,326,92,311,114,266,263,90,156,107
ISG20,13916,16778,15888,16732,18408,9265,9006,5683,7843,8447
MEF2D,389,358,276,252,369,529,709,1403,571,845
FAM111A,2070,1310,1220,1493,2240,780,704,754,637,947
GSTM2,210,175,2951,1114,599,288,226,3626,1975,1185
TBC1D10C,109,153,170,164,171,222,324,506,347,292
GHRL,89,117,106,117,113,130,292,264,223,190
CMTM7,1207,1834,1604,1321,2067,331,1015,812,553,1119
OAS2,350,639,647,719,823,328,364,165,295,393
KLF13,459,932,1333,947,1188,884,1907,2193,1814,1868
MX2,2101,2663,2816,2398,3386,1760,1350,1051,1223,1390
GLRX5,1130,1544,1593,1203,1142,1714,2371,3657,2515,2267
TGIF1,673,354,358,523,340,182,199,191,163,166
CTDSP2,130,233,248,275,204,320,459,792,516,448
DDX60L,234,275,368,302,308,185,166,146,153,139
NAMPT,198,189,386,633,277,127,165,121,244,141
MYH9,744,1321,1448,1287,2070,1336,2393,2606,2591,2963
SIAH2,383,433,493,433,540,206,221,199,322,273
NLRP7,126,122,196,197,139,163,241,273,340,276
NXF1,3003,1450,1270,1433,1277,1470,881,732,621,594
RPL22,426,508,952,485,366,862,949,1472,1154,643
STK3,828,812,768,609,456,692,505,392,366,237
ABHD17C,148,165,145,151,213,268,299,220,296,405
HARS,1585,1464,1298,1374,2564,744,754,749,741,965
FASN,1804,1044,955,784,658,2631,1865,1630,2130,1538
PHACTR1,171,195,211,214,136,309,430,382,380,361
NABP1,1935,1970,2540,2553,1481,2028,1209,707,949,1010
IFIH1,3566,4296,2521,4060,3271,3720,2747,875,1829,1528
CGGBP1,1044,963,598,933,800,721,543,294,454,478
DEF6,243,290,287,287,385,485,481,688,560,671
PYGB,96,108,158,89,161,210,153,550,135,264
GTF3A,487,742,743,563,525,880,1312,1493,1001,1097
DNAJC25,467,378,419,415,306,425,267,190,212,213
SMIM14,1087,1267,1074,995,1870,1315,2344,2117,1905,3228
P3H2,191,196,227,178,209,192,299,460,381,418
IL18RAP,561,548,1014,995,677,457,282,348,398,311
SLC43A2,162,276,199,203,226,285,418,582,331,396
CRELD2,845,550,1079,540,683,1763,780,1604,730,1329
C17orf67,751,381,417,558,961,689,227,259,287,366
PIM2,2114,1627,1533,1558,2140,1322,837,567,570,971
NOMO1,1068,554,502,343,518,288,319,231,191,266
ZNF682,3478,1359,1088,1329,2923,4922,1574,2641,1779,3996
SERPINB1,605,1003,2382,1094,1253,531,563,587,538,633
IL27RA,211,204,199,169,164,361,410,670,319,387
AHI1,303,383,281,212,501,587,704,554,291,865
CLIC4,1227,1154,1120,898,802,891,770,578,560,553
GOT2,109,165,281,153,192,224,319,419,309,319
IL13RA1,439,570,473,705,589,1103,909,1010,1270,1179
TAGLN2,373,370,425,427,632,656,823,811,1352,923
TMED3,800,1164,1012,866,859,1381,1674,1757,1705,1210
ATM,268,279,209,258,325,422,568,541,337,519
PITRM1,1104,636,534,520,604,589,304,298,351,312
CXXC5,1472,3219,2160,2073,2666,2913,4565,4204,4171,4002
CSRNP1,2138,1457,1142,1597,2211,1119,785,513,827,872
NEIL3,189,207,145,313,194,103,84,96,100,100
APBB1IP,265,428,308,292,339,315,673,911,512,595
ZBTB43,540,343,312,412,921,467,200,176,214,436
PBX3,285,760,507,403,556,533,1277,1507,745,976
CRYZ,174,575,985,779,516,358,1164,1105,1504,697
JUNB,1152,600,361,427,652,1100,462,211,312,293
LSS,404,269,311,277,398,563,523,597,616,681
RNVU1-18,3720,648,489,1072,821,5859,441,401,428,361
FCER1G,96,98,106,139,241,111,199,204,287,403
ADCK2,95,143,198,197,148,163,284,377,337,192
CUEDC1,264,248,237,327,325,442,480,506,733,796
ID2,8318,7118,5725,6791,6059,4171,3853,2987,3394,3545
MTURN,302,197,164,176,173,674,282,353,336,268
LDLR,1532,1113,1123,1207,1688,2336,1880,1547,2306,2641
NISCH,342,353,277,202,287,548,472,573,378,597
LMNB1,533,846,1094,814,1162,361,440,444,479,528
CCR7,19835,19402,18109,21091,20301,15758,11474,6498,8031,10420
ILK,267,483,1023,550,418,527,920,1891,1343,705
GMFG,324,705,824,673,526,521,1282,1597,1078,1540
RNF213,257,279,348,362,436,526,168,167,183,184
PLA2G4A,481,278,286,458,209,156,151,124,171,132
PSMB9,242,789,1268,623,786,233,715,414,696,384
CTNNA1,2083,2313,1763,2187,1831,940,1311,1098,975,1098
ZFP36L1,6926,7428,4075,5841,4048,3848,3915,1516,2621,3082
KIAA0226L,162,164,176,185,225,334,366,369,290,247
TMEM170A,380,416,275,348,317,251,234,179,183,179
GNG5,817,1071,849,891,974,471,619,402,504,407
TRAFD1,1852,1309,1565,1258,1612,1213,828,482,675,910
LIME1,133,180,159,144,175,211,300,826,259,350
DHX58,1670,2220,1459,1710,2871,1222,908,309,887,1124
CREM,184,300,274,352,302,137,164,139,210,159
PAG1,746,803,654,618,477,1407,1380,1229,990,895
MLLT6,2597,1781,1194,1378,2302,2143,947,861,766,1449
PLVAP,198,114,129,131,106,364,158,320,244,152
ZNFX1,1008,875,757,723,1729,747,466,231,352,687
NANS,625,458,460,590,514,287,273,223,315,266
C12orf57,698,372,354,486,324,743,561,734,698,301
SH3PXD2A,370,467,426,314,686,614,799,1635,743,1134
ABR,489,617,575,506,739,1077,1165,1008,968,1243
RP2,237,187,242,174,237,127,117,140,141,124
TMEM267,3103,1962,1345,1814,5417,4507,2216,3664,3323,6883
ANXA2P1,1085,1835,2121,2691,1924,1031,878,977,1256,1322
PI4K2B,289,452,402,484,555,304,226,139,329,242
AEBP1,177,194,155,185,277,369,344,272,270,387
DDX60,474,903,1001,1268,808,484,528,289,520,404
PARP12,1350,1331,1258,1107,2360,1132,714,425,637,1229
HYPK,2856,1075,922,1057,2117,2858,1697,1998,1179,2396
NSF,744,699,640,599,471,345,446,307,407,339
MOB1A,1221,1639,1038,1201,1022,1085,879,546,647,556
CD4,90,80,133,118,113,114,164,415,305,211
ADM,4709,1506,2281,1656,593,6544,1362,799,892,577
LYRM7,310,247,235,250,240,458,462,458,492,415
PSAP,2559,4370,2999,3503,3563,3990,6498,6553,5186,6821
CD36,478,762,873,1087,555,1101,1414,1261,1444,1513
ZNF189,467,375,329,328,486,390,253,202,174,193
P2RX2,238,184,138,203,151,461,197,342,446,283
ZHX2,1036,613,852,751,947,520,331,459,460,584
PIEZO1,224,204,282,150,224,416,372,724,270,494
LAGE3,1071,1119,754,839,779,1697,1837,1346,1442,1552
ZNF786,1287,555,530,648,1567,1241,667,1200,837,1907
JARID2,522,494,629,493,444,267,249,316,254,273
SNHG15,4111,4726,3413,3445,5579,3064,2226,1164,1734,2916
PMEPA1,149,175,149,141,168,271,295,275,335,263
ATP2B4,107,90,111,111,117,110,155,235,205,211
SPRED2,2144,1756,1527,1199,1289,2302,848,650,827,782
E2F2,143,185,128,173,280,217,430,192,321,447
RASSF5,652,674,676,784,947,1056,1144,1421,1248,1664
CXCR3,149,188,318,192,242,219,355,400,226,481
TYROBP,1258,1171,2788,1028,1148,2084,2177,4764,2160,1423
SSU72,589,679,627,699,953,742,1146,1659,1253,1352
RBM39,1150,579,619,912,848,460,460,439,583,621
LRMP,129,192,171,170,161,171,321,418,224,314
GRAMD1B,254,344,228,290,283,194,236,152,153,129
CTSZ,1794,3382,1560,2819,2002,2621,5611,3453,4837,3683
HINT2,272,397,539,292,287,319,695,898,508,538
RTCB,866,1115,1312,1071,1649,607,644,590,601,759
RASSF7,420,472,810,401,282,824,771,1552,630,633
BAIAP2,151,172,190,187,173,254,318,613,348,313
PPM1F,205,283,272,192,194,321,433,646,375,306
PTPN22,91,89,103,106,123,93,189,253,156,272
AKR7A2,368,389,686,508,254,557,713,1784,1135,568
ADPRHL2,1266,847,1119,1050,935,916,573,548,576,450
NAXE,252,434,408,384,446,409,745,653,842,791
DHCR24,176,159,204,184,209,472,322,327,353,337
KAT2A,259,197,263,229,224,302,338,687,419,486
TM7SF2,109,149,140,114,172,195,256,353,169,324
NDUFB10,557,892,908,607,550,566,1293,1579,1108,1041
THYN1,132,188,243,256,151,159,359,344,351,240
TAL1,309,125,118,156,227,82,86,97,84,87
NCLN,441,412,409,304,406,481,784,992,613,744
MGAT3,234,275,321,315,190,506,491,719,499,393
EXOSC5,140,112,140,144,128,144,259,255,284,215
MYO1G,6883,5579,3750,2138,5663,5148,3072,1798,1264,3543
SUMF2,793,1066,1344,840,956,1268,1759,2127,1678,1735
TNFSF12,107,153,143,180,125,179,260,315,343,250
DNAJC4,193,161,200,134,164,342,298,492,250,272
NHP2,536,688,830,593,617,643,1120,1219,1147,642
INAFM1,858,729,550,456,312,507,415,303,265,248
HADH,97,128,194,142,157,135,280,704,258,223
MAOA,229,108,176,105,205,199,97,93,89,140
PELO,1848,1289,1003,1387,1098,1190,868,380,712,632
ZNF362,105,175,216,180,148,179,317,581,311,320
HDAC1,1167,1409,1393,1006,1638,1756,2521,3138,2091,2671
PPT1,291,390,413,385,315,509,705,795,696,460
UGCG,1895,1516,1373,2023,1950,3507,2235,1982,3853,3429
LTB,9311,8711,15471,10022,6005,17889,16835,16229,20970,14294
HLA-DMB,2382,4492,3932,3131,4757,4092,7752,7870,7107,6354
SPRY1,581,515,414,507,244,398,281,314,209,176
RHBDF2,610,642,724,686,607,1327,1146,1157,1337,926
TMC6,288,298,339,182,200,583,520,884,340,433
TGFBI,342,417,672,658,515,735,868,2466,1492,927
SPIB,977,516,563,902,451,1654,1014,621,1186,455
FAM214A,122,238,160,155,244,203,309,330,183,288
LIPA,331,379,612,643,323,637,689,683,836,539
SLC39A10,129,237,224,189,176,187,327,423,372,339
PLEKHH3,241,377,196,292,388,489,747,470,526,761
CEBPD,510,213,160,259,147,260,114,121,119,117
PLA1A,283,164,154,201,179,157,99,93,91,116
GNA15,1715,1442,2084,1295,946,3615,2591,3768,2310,1385
FAM107B,424,315,429,566,837,720,533,796,770,1535
SNHG7,290,219,187,169,188,346,338,370,230,219
GNPDA1,373,407,230,334,272,576,803,590,600,752
CLN8,196,124,126,170,138,278,248,206,305,180
PLOD1,469,551,481,512,427,595,904,862,1058,773
UBE2J1,346,576,551,560,447,707,964,1466,1010,987
TLR9,85,95,120,106,105,124,188,249,246,125
MFSD14C,3195,1493,1214,1310,2819,3973,1787,2668,1426,2967
EIF2AK4,860,361,398,463,969,828,486,1058,697,1530
IFITM2,5611,8236,10314,5883,6926,4832,3877,4507,3473,2044
HSPA7,327,190,141,342,209,127,123,117,111,111
BRPF3,831,692,611,556,400,445,401,322,342,269
PRKCB,278,195,347,300,154,416,496,502,683,392
SPATS2L,1072,1729,1189,1313,1466,928,903,326,737,662
PPP1R14B,1155,1353,1042,750,876,2067,2006,1857,1489,1496
ALDH2,324,578,550,483,379,386,942,928,859,760
CD640673,535,456,380,343,505,385,256,217,271,227
DUSP1,1050,485,270,494,796,1038,254,186,278,432
HERC6,1019,1061,1126,1031,1754,657,597,266,391,674
CCDC77,987,1014,590,778,1055,719,614,412,555,532
CEP131,117,156,140,133,144,159,249,336,195,278
TNS3,239,474,384,626,525,620,751,842,967,931
LOC107133515,3543,1518,1290,1627,3889,4538,2117,2886,1798,4814
REEP5,157,177,409,227,199,258,349,697,480,353
GPI,1042,581,1072,536,466,1846,1030,1343,926,884
SMCO4,313,394,439,320,267,568,616,736,519,423
MAPK6,644,549,514,661,384,445,361,263,310,275
FOXP1,395,297,284,245,258,160,151,153,198,164
ABHD6,188,384,638,239,581,369,680,1017,556,939
XBP1,2220,1966,2477,2510,1855,1574,1189,2150,1255,1030
ZNHIT1,469,483,662,518,456,519,912,1251,854,740
KCNIP3,167,179,247,188,144,350,280,573,316,205
TMEM51,192,165,251,272,262,325,141,141,209,142
CLEC4A,247,113,155,175,168,608,131,332,297,287
FLVCR2,493,529,702,507,309,324,239,287,312,242
AA828835,278,156,118,154,233,418,203,276,178,456
SH2D4A,194,244,103,159,145,84,93,90,89,106
ZSCAN2,573,666,531,282,581,281,404,325,231,397
SYT11,335,431,301,313,276,593,693,553,470,500
KIT,91,118,171,128,120,119,283,324,161,212
PLCG2,658,752,398,512,674,1558,1158,1094,981,1695
C2orf69,5379,2504,2387,2824,7250,5738,2995,4968,3843,7699
RARRES2,148,252,743,224,172,241,395,2276,501,304
DRAP1,1726,2594,2515,2127,2538,1912,1718,1178,1431,1126
AK055485,595,190,181,235,247,244,134,110,130,145
STRIP2,786,369,347,403,760,733,388,708,515,1289
ENDOD1,158,250,360,242,216,132,176,161,138,135
PSMD12,775,686,504,744,480,517,486,227,390,353
PTK2B,561,459,495,366,540,338,282,249,226,311
C19orf66,777,744,945,819,1109,643,409,467,401,519
DOPEY1,134,251,135,269,351,140,143,118,148,143
HLA-E,7630,7679,8221,7679,10965,4328,4668,3314,4382,5370
FMNL3,176,172,237,203,284,470,306,356,417,308
FAM210B,115,134,225,156,111,142,237,340,236,219
SLC35C1,151,185,248,213,184,167,324,409,332,288
RBBP8,424,351,282,349,219,302,215,188,199,196
C12orf10,360,408,486,439,376,385,595,856,787,713
NUDT1,593,763,761,554,760,832,1330,1690,1178,1342
XAF1,667,424,506,589,699,564,289,322,336,406
FOXRED2,153,172,162,150,131,227,299,366,268,243
CDR2,947,1630,968,1126,1189,876,774,240,439,644
BX417162,1644,526,569,883,545,699,292,222,425,326
ARMCX2,326,417,605,358,166,365,205,246,193,116
MAP4K1,99,114,115,126,123,161,247,239,196,201
REL,773,474,562,444,471,350,287,150,209,271
IGFBPL1,324,196,153,206,210,139,118,94,109,121
PDK3,311,286,288,273,174,656,499,586,453,359
HS3ST1,201,253,270,225,241,138,177,119,137,154
MAN2A2,102,112,144,136,157,238,209,450,219,344
GRK2,869,944,1042,763,1052,1239,1647,2701,1501,2187
DNPH1,112,180,216,146,138,164,255,331,263,224
FUCA1,169,231,233,212,223,387,448,389,418,380
RAB9A,5260,6005,7074,5128,4999,3097,3022,1957,3314,2995
MYOM1,384,796,473,484,238,822,654,1134,1256,568
TRABD,1431,1081,1347,1025,1088,1647,1855,4363,1891,2349
NIPA1,554,672,773,631,397,1129,1096,1275,832,731
SFT2D2,453,459,478,501,474,305,273,206,296,209
TBC1D14,155,240,277,222,204,236,386,530,450,381
BTK,593,681,756,802,672,924,825,1182,1207,1236
PPA2,5128,2242,2195,2856,6719,5553,2750,4955,3399,7482
ITPRIP,124,202,281,182,179,226,317,550,317,254
CYSLTR1,98,122,131,126,151,153,178,218,292,257
C12orf45,361,426,523,769,426,383,739,560,1275,784
SELK,841,846,1036,1213,713,557,488,439,569,422
GADD45A,316,265,206,255,404,153,160,143,150,230
PRG2,413,177,615,266,129,430,153,352,138,130
CSNK1E,1005,1114,855,1100,814,2025,1740,1674,2357,1431
C1orf162,376,250,289,395,259,471,502,621,596,391
LOC100129034,235,345,288,237,445,388,554,389,498,694
CNIH4,845,1227,1049,977,528,517,604,616,565,355
TKT,1256,1096,941,1062,1461,1895,1695,1766,2012,2758
USP42,575,524,444,532,552,539,313,268,303,308
ITGA1,134,149,158,147,163,89,86,75,75,87
ESYT2,530,392,944,480,286,829,653,1620,899,681
GCH1,105,160,207,294,142,92,95,84,119,88
PDXK,145,107,141,133,107,272,198,419,230,202
QDPR,110,138,245,177,187,123,305,436,298,351
PTEN,470,556,759,592,666,567,1034,1538,1000,1021
HPRT1,1457,1247,1896,1569,715,1597,804,845,1211,471
TOR1B,1077,1168,898,1136,1350,965,772,310,659,567
MYL6B,379,504,462,317,310,532,816,942,653,526
CYP4B1,379,223,189,252,119,388,129,110,134,93
SLC1A2,149,118,157,210,169,85,91,94,96,89
SEC24D,257,319,422,393,207,267,174,213,185,168
NDUFA9,604,983,983,1069,1066,436,675,390,695,571
ELMSAN1,95,110,132,120,121,128,216,260,207,156
ZNF296,1019,1389,940,874,1103,2276,2742,1663,1604,1752
VASH1,101,93,104,119,100,175,134,178,252,147
COX7A2L,482,603,810,792,530,780,1072,1036,1155,929
SLC9A7,820,909,927,705,654,1822,1408,1470,1043,1171
MTHFD2,2339,1800,1824,1494,1367,1565,1049,981,976,1421
SRP19,1147,1308,961,1275,998,776,802,504,669,612
MFSD1,548,631,492,624,539,983,1003,941,835,649
ERGIC1,253,208,181,249,509,426,286,273,486,538
RNU4ATAC,1116,227,184,356,291,1290,169,167,199,141
WAS,480,882,897,688,610,1041,1501,2111,1075,1178
BOP1,372,397,372,435,400,452,680,597,696,734
MIS18BP1,199,239,314,232,217,305,450,585,302,397
RAI1,207,175,183,198,152,314,324,367,273,309
EGR1,209,165,213,231,175,258,309,686,357,358
SMCR5,487,222,230,245,465,503,249,419,258,435
STK4,7880,7870,5444,4660,5553,4425,3781,2808,2245,3250
CCSER2,302,406,520,546,534,263,304,214,440,334
HDGF,195,195,201,257,233,286,352,290,368,344
SPRED1,98,118,170,160,124,238,201,277,175,213
RPRD1A,237,293,302,259,256,349,475,604,442,378
FAM60A,2000,1579,1522,1409,1594,1380,925,612,719,1146
GMPR,246,346,393,255,553,203,234,188,156,265
DLEU1,146,176,198,192,165,172,326,301,353,262
CD320,125,225,130,221,165,169,396,281,288,213
ACAD11,388,231,305,228,220,805,314,705,358,395
SULT1A1,3429,1376,1376,2003,4025,3423,2135,3413,2671,4807
CLIC3,351,729,709,444,444,598,1449,1461,748,756
SAMD9L,3109,3323,2766,2390,3445,2719,1826,993,1266,2050
COMMD3,1010,2387,1934,1829,1506,1962,3729,3159,3113,2848
RNPEP,100,149,220,263,169,154,217,399,404,287
CIITA,213,380,344,247,365,322,610,586,430,640
CTAGE6,282,182,113,126,186,156,102,102,107,107
RAB40B,170,210,233,148,234,313,361,659,198,357
CCL17,446,367,116,260,460,834,547,151,881,624
UBL3,935,872,621,903,485,804,523,420,513,297
RIPK2,558,627,865,881,519,672,369,284,435,289
SBF1,404,534,444,330,340,686,831,809,585,501
PLAGL2,286,380,355,256,352,207,210,204,177,260
PRKX,561,391,311,221,285,207,177,183,155,183
ZFPM2,169,131,161,166,133,100,105,94,89,91
PAPD7,2168,1613,1365,1177,2114,2100,951,819,524,955
LYST,782,467,432,367,387,491,254,224,225,268
SF3B4,1581,1722,1446,1550,1513,1035,1114,880,915,834
FAM120A,608,931,1055,837,782,990,1418,1800,1333,1472
DDX58,204,213,346,296,288,199,147,137,186,170
PAPLN,655,123,151,373,164,94,96,100,97,126
SPG7,618,452,399,378,762,766,649,1112,554,1085
FOXJ2,377,540,511,404,418,661,708,893,598,726
RPS23,716,669,603,588,379,1020,1130,993,1134,573
C5,501,184,149,287,132,98,116,136,104,109
BX356403,286,211,163,196,132,222,129,116,110,111
NPTX1,247,166,429,139,139,1223,280,1600,143,190
TRIM22,857,1193,1733,1844,1597,947,1038,731,1220,795
MAP4K2,648,856,884,649,685,952,1310,1302,961,1154
NSMAF,392,401,423,392,369,590,662,779,625,688
MFSD2A,372,276,245,234,222,230,160,123,145,121
PNP,227,262,284,369,345,419,479,357,563,545
DUSP6,503,589,732,669,1211,1643,981,1127,848,1698
N4BP2,1841,768,570,882,1609,1927,962,1485,1364,2591
CHST7,676,914,764,431,764,454,464,333,268,493
SLC12A9,210,333,266,243,380,362,448,606,437,509
MORF4L2,1043,740,1141,1600,1056,759,623,628,913,569
NFATC2IP,839,735,812,668,760,1277,1115,1562,1060,1306
SMARCA1,401,284,405,304,215,256,181,223,163,162
ARF4,419,398,405,630,320,217,241,197,392,244
ALPP,4931,2053,1913,2121,5521,5714,2550,3563,2263,6124
MZF1,471,185,201,244,322,595,285,458,273,409
RPS8,5411,5936,9339,8933,5305,6633,9964,10044,11366,7996
DNAJB1,766,559,389,717,506,307,370,281,419,333
H2AFY,2198,4204,4863,3872,4975,5049,6719,9247,7054,8250
SLC6A6,320,340,181,310,243,243,184,153,148,209
SMARCA2,225,488,616,419,280,367,797,1037,703,527
OAS3,144,289,271,250,289,210,161,129,167,149
MAN1A1,408,321,294,510,407,283,223,261,243,223
CPEB2,218,211,231,282,231,166,157,131,137,124
PHB,100,149,234,200,160,123,269,417,435,208
SWT1,618,389,244,432,399,418,238,157,214,270
RTP4,102,153,203,216,295,100,121,102,139,125
NPRL2,425,335,375,309,312,695,535,782,561,549
COA3,188,584,793,412,482,250,807,1028,656,873
SCRN1,379,384,524,470,375,615,642,734,732,639
HEATR5B,441,317,286,308,331,454,531,609,411,559
DNAJA1,9123,9106,7309,9311,9054,5611,5492,3587,5458,5128
PLA2G2D,571,230,238,280,619,529,275,468,362,650
PXMP2,108,152,145,123,98,128,237,371,205,156
PTGER4,3164,2832,1618,2114,1997,2688,2279,574,1130,1268
TRAF3IP3,86,93,119,104,113,98,144,228,221,173
COMMD6,1816,1975,3072,2734,1954,1857,3290,4111,4309,2913
CMKLR1,121,177,245,224,196,205,431,327,487,276
LOC100134868,1223,448,399,517,1165,1226,436,860,691,1199
ERCC1,87,107,277,120,129,110,213,399,199,197
S1PR1,205,263,209,189,411,126,165,118,120,212
TRAPPC2B,518,429,331,525,269,258,307,217,331,217
PDGFB,173,135,168,186,124,536,280,215,431,148
APEX1,378,779,1261,659,720,608,1196,1678,1525,985
AGPS,333,453,444,421,331,293,321,231,244,253
IFIT5,212,312,266,338,413,194,188,118,210,163
ARL4C,135,178,250,314,241,381,280,436,400,401
MAPKAPK3,536,802,1084,719,960,982,1181,1932,1332,1468
MASTL,243,238,214,235,253,265,162,106,127,143
FAM46A,665,594,1068,1035,699,310,424,421,523,392
SCARA5,169,884,178,112,283,98,396,107,95,134
CBX7,182,197,201,158,157,255,345,398,302,276
TOM1,880,646,736,918,730,1192,1070,1802,1221,1493
ARL2,576,750,763,612,621,654,881,1217,1101,1030
SCYL2,1701,1785,949,1219,1585,1824,1127,548,732,956
CFB,171,170,263,210,196,121,118,106,111,121
TMEM17,2157,1177,1070,964,2041,2758,1511,1950,1271,2057
LAD1,628,738,507,521,850,1196,1039,486,1029,1696
SDSL,123,181,215,152,188,198,250,317,299,304
ZYG11B,149,187,227,162,161,186,219,280,294,268
SH3BGRL3,383,377,632,474,333,476,634,1304,673,483
UQCRBP1,1363,1979,2876,2858,2010,1852,3445,3219,4363,3326
ANAPC16,180,345,308,177,161,297,513,467,272,241
PLAC8,970,5102,6059,3744,1449,947,5322,2265,2937,1993
BTG3,1066,1435,1067,1041,971,1088,735,339,645,433
ETFB,436,883,865,728,533,774,1246,1540,1203,1201
NDUFS7,579,889,744,531,529,802,1078,1133,956,821
SAP130,534,569,729,597,420,337,390,347,344,279
TDRD7,804,955,814,1039,1100,751,593,231,578,538
TGM1,282,198,208,225,238,229,136,122,133,154
UBAC1,145,165,171,183,156,214,273,381,310,270
PIK3R2,208,307,311,229,212,310,369,585,413,379
RABL3,364,406,291,514,382,231,284,158,314,226
EIF2S3,488,671,604,574,438,1080,1069,948,904,872
BATF3,238,226,240,273,271,198,139,120,145,150
ARID3A,1276,938,574,864,966,1708,1370,1207,1552,1548
LSM4,372,388,608,390,386,486,626,1070,639,864
DHRS4,167,184,385,210,257,211,318,619,346,441
MIDN,678,642,348,288,486,335,295,260,190,358
CCDC14,622,682,397,451,619,1128,1020,780,640,1072
IMPA2,86,96,153,119,95,99,158,268,200,122
DPP7,1289,1184,894,671,908,1530,1532,1495,1047,1130
APRT,127,205,271,174,163,173,286,430,293,181
VPS51,363,593,800,378,498,489,819,1319,711,1121
PAFAH2,121,150,116,181,165,162,247,203,335,250
OCIAD1,5506,2841,2688,3209,8143,6308,3294,5270,4347,7107
NDUFAF3,1492,2109,2967,1318,1422,1834,3164,3097,2450,2103
FAH,126,156,178,143,149,151,286,308,221,244
ZNF207,1234,1585,1435,1555,1703,806,923,1019,949,1161
CXorf38,530,810,480,781,679,492,415,220,458,354
DYNC1H1,389,515,658,396,395,410,649,757,524,715
GTF2B,719,607,608,771,603,359,371,343,469,386
SH3GLB2,178,303,415,226,394,308,496,766,328,622
INTS12,843,976,832,933,1321,594,570,486,489,612
IGF2R,3418,3881,2545,2774,2798,5196,4576,4605,3330,3349
PRDX5,818,1095,948,967,767,1382,2398,1459,2235,1550
BNIP3,2466,1204,1570,2163,811,2358,960,916,1582,575
NEK6,453,436,221,276,611,713,612,317,854,961
TMEM59,770,1453,1111,1167,1436,1155,1937,1907,1886,2130
TRIT1,290,388,482,384,289,581,642,1050,628,422
RIOK3,1059,725,491,1005,847,960,451,336,636,518
ARL6IP4,240,253,395,182,252,221,412,602,247,453
SDE2,955,926,676,766,503,605,577,425,469,361
TCEB3,1785,2191,1403,1611,1809,1702,1262,711,984,1094
ESYT1,237,264,353,312,226,429,417,690,609,430
UPK3BL,936,1060,523,430,1132,1527,1598,1087,640,1635
SFT2D1,880,1790,1239,1093,1307,1387,2492,2357,1764,2021
TNFSF13B,2324,4716,3250,3967,4212,2433,3240,1745,3082,2339
ADAP2,134,174,204,207,277,112,125,112,132,173
LRRC3,229,324,312,242,249,218,169,149,148,153
RAB30,147,194,203,157,235,111,119,128,116,136
TBC1D4,1361,770,676,753,1113,971,419,221,473,821
TYMP,375,343,423,276,409,422,217,230,220,263
COL24A1,830,557,342,497,584,1630,908,702,639,1017
NFKBIA,16087,12586,10370,11876,14428,13843,7732,2408,7665,8685
NDUFS5,1106,1038,1541,1667,972,875,1579,1808,2157,1800
NAA25,219,262,224,279,260,159,152,138,168,193
ZC3H15,519,480,663,742,764,401,419,297,597,407
GK,263,346,307,364,304,237,189,161,191,161
HSPE1,1339,1063,1403,1689,837,705,1123,705,1784,824
ABHD8,269,245,267,252,190,372,443,456,409,349
DDIT3,356,226,189,275,240,246,141,103,147,157
GNPTG,592,476,359,285,410,790,666,713,375,572
ANXA2,1728,2898,4445,3825,3025,1093,1631,1863,2023,1891
TNFAIP8,683,571,1041,1457,590,383,500,421,1018,404
CENPJ,847,626,326,618,779,749,386,212,244,485
WDFY1,1022,1811,1420,1442,2128,888,1090,512,677,1110
CYBA,735,1912,1809,846,1418,870,2907,3154,1484,2302
KCNA5,134,130,114,151,114,186,211,301,298,169
TXNDC12,972,918,755,779,914,1203,1483,1484,1347,1536
MAPK3,137,131,153,142,127,222,232,240,172,189
L2HGDH,278,275,224,194,298,207,160,175,135,169
IL27,172,109,150,150,112,92,96,93,92,88
KBTBD11,124,98,111,122,99,147,163,296,199,181
MYC,105,142,123,136,214,91,83,83,84,96
CPEB2-AS1,214,294,325,387,283,178,177,182,231,217
MCMDC2,5350,1677,1659,2812,6224,4757,2396,4553,3733,7042
RNMT,1643,782,781,832,650,1821,508,483,452,474
ABCA1,136,152,122,153,209,354,246,134,209,353
NMRAL1,211,273,330,272,317,289,427,554,443,465
SAMD9,1283,1792,2197,1841,2003,1235,1154,691,746,1137
SLC35F5,253,232,241,292,242,156,182,144,150,132
MAPK13,234,177,197,114,134,130,109,105,110,107
C17orf99,250,170,144,130,174,556,238,276,184,295
SERPINE2,350,229,150,128,183,438,215,296,145,399
ADAM8,380,270,468,217,534,666,348,614,286,631
ARIH1,319,348,279,319,296,265,201,157,198,187
CD300A,183,173,276,265,198,320,293,607,445,254
CCDC59,1993,1472,926,1177,900,1301,1054,662,728,729
GOLGB1,662,511,352,532,219,528,320,238,317,193
RBL2,254,332,402,393,332,318,536,780,593,503
MCUR1,269,428,414,376,253,234,319,209,234,175
RNVU1-7,2632,364,337,647,571,4637,374,355,349,294
TPP1,729,757,660,453,723,1120,1188,1483,920,1163
TRIM21,458,548,734,549,520,376,341,238,241,342
LDHA,271,277,244,228,201,257,176,138,152,149
MFGE8,180,237,196,136,193,289,310,402,196,318
MIA,180,184,404,230,189,117,118,115,124,123
NDUFB5,1522,1998,1777,1424,1380,2442,3113,2469,2360,2170
SEMA4A,891,1337,716,644,1369,1841,1526,619,876,1429
ZNF669,497,203,239,247,409,476,184,397,281,474
FBXO7,838,663,902,803,1025,544,425,527,475,522
MPV17,198,298,261,255,399,293,455,366,418,504
SRGN,12638,14467,20495,17322,13619,7843,9940,9026,13007,7630
MPC1,905,1120,1101,1108,1342,1311,1980,1776,1294,2706
PPFIBP2,150,189,155,205,140,185,309,225,291,249
SIRPA,568,431,747,492,535,276,274,334,399,337
MGMT,110,148,195,138,139,185,232,316,200,223
ACAD8,195,198,304,220,251,220,293,458,386,352
DAB2,120,126,132,168,138,211,185,208,334,238
TRPT1,848,887,859,608,541,1418,1356,1572,928,892
MTA1,436,440,349,246,318,588,696,559,341,425
TUBB,809,2447,2657,2002,1854,1790,3200,3200,3717,3512
C6orf48,1854,2641,2869,1955,2077,3318,4287,3507,3106,2858
MPC2,799,859,721,908,725,299,541,500,529,466
PDE4B,611,494,385,350,732,309,294,320,199,378
DCDC2B,155,131,136,201,160,95,100,96,97,111
CD40,676,401,597,333,393,409,251,173,197,269
JAG1,564,242,278,286,185,522,186,174,159,138
RAB23,385,564,434,273,342,241,268,272,191,218
BAG3,389,265,195,347,205,190,166,120,173,158
OGT,239,243,382,349,493,374,417,557,570,749
PSMA2,301,455,444,455,366,355,332,224,278,204
TCF3,110,137,165,133,159,122,219,255,215,228
YEATS2,750,734,737,611,548,689,481,405,460,341
RAB8B,3213,2627,2858,2651,1500,2861,1796,1647,1663,1092
HLA-DQB1,1560,248,106,1164,2304,1855,238,112,1973,2828
GTF2F1,757,547,707,888,787,475,445,392,524,491
SMARCA5,618,702,470,560,428,696,457,314,351,315
SNORD3D,2439,659,602,859,737,2390,463,443,503,305
RBCK1,250,341,400,291,325,262,296,204,202,194
EDEM1,2832,2376,2609,2589,2263,3053,1661,1341,1627,1532
ADA,207,249,269,222,281,254,443,475,372,397
ITPK1,113,142,162,167,183,159,260,222,258,263
CLDND2,202,154,169,158,153,254,199,285,165,251
MCCC1,297,327,288,326,303,402,520,483,453,503
RECQL5,146,118,128,128,147,220,203,128,197,219
MKLN1,716,495,459,439,584,1036,594,787,599,952
PCMT1,514,799,860,682,651,767,1256,1390,1084,1044
JAZF1,113,164,201,205,113,235,261,304,365,178
TMEM138,363,898,706,535,771,597,1390,1122,807,1193
ILF2,1847,1695,2002,2117,1635,1033,1162,1162,1550,1360
RALA,393,515,631,583,434,818,746,1417,904,760
SORL1,133,125,275,157,140,154,266,651,223,217
OFD1,1000,718,580,410,543,1050,463,347,274,365
ERO1A,413,396,455,274,187,391,285,243,249,208
C3orf38,271,352,333,551,419,203,309,222,405,215
ME1,396,362,167,237,242,475,503,164,294,385
USP12,258,170,175,212,217,174,127,119,154,134
ARHGAP4,132,177,232,170,135,183,270,409,276,267
CNN2,481,659,557,429,292,560,882,918,763,602
BRAT1,445,507,507,375,471,569,748,953,564,826
PDCD6,779,1234,1390,1010,962,1005,1909,2581,1531,1602
USMG5,376,195,549,466,133,237,128,253,259,105
GIMAP8,512,369,356,587,427,866,545,678,702,643
A2M,521,361,180,434,164,245,228,171,246,184
TUBG1,465,600,542,495,522,636,946,588,840,829
CRIP1,4748,4025,2230,3985,3233,2515,3271,1653,4931,1910
GATM,106,110,145,170,93,174,150,206,319,95
TRAPPC6A,304,324,400,278,235,465,590,769,482,470
UQCRH,1697,1872,2963,2556,1977,1709,3131,3590,3729,2886
PARP14,3039,1997,1789,2581,2627,2852,1536,1123,1656,1630
HLA-DOA,724,1643,1282,601,1088,1325,2130,1730,922,1722
TMEM205,908,1109,1099,752,915,1444,1694,1553,1448,1286
ETS2,120,151,187,134,158,138,239,698,227,258
FEM1C,597,598,638,639,605,576,380,382,573,376
SEMA4D,784,835,729,458,740,1357,1171,1960,917,1124
CCND3,595,1448,2439,2213,1550,1188,1915,3069,2504,2452
LUZP1,533,551,438,556,591,380,366,348,343,337
RABEPK,453,427,414,457,483,516,717,750,824,686
HSD17B7,3781,1718,1465,1745,2835,4468,2071,2758,1593,4287
SERTAD2,1944,2137,1909,1410,1455,3018,3399,3881,2792,2803
TBXAS1,251,198,219,148,191,236,313,435,272,470
FCGRT,225,220,210,223,170,297,348,420,381,297
TTC38,371,373,397,355,425,329,204,250,205,236
NFKB2,1081,627,638,455,740,972,507,304,284,404
GGA2,204,277,294,241,282,351,438,545,412,471
TMEM109,247,419,492,340,458,267,689,876,563,662
DNAJA4,1695,703,322,906,809,931,512,304,545,467
ZSWIM7,376,211,244,339,207,385,298,420,474,239
ZFAND2A,2835,1794,1047,2508,1265,1386,1137,673,1228,946
KAT2B,478,537,718,521,622,847,808,1362,857,682
NDUFB7,362,650,722,503,535,342,895,1094,764,844
TMEM44,94,134,97,116,133,117,193,183,108,185
CHST15,462,396,561,412,231,649,630,1361,754,488
HLX,1543,1094,1069,760,1043,678,664,715,650,818
SIVA1,1012,729,879,934,557,1044,1385,1712,2048,1354
FAM210A,316,180,218,326,152,175,138,128,209,108
ZBTB48,262,153,168,168,224,265,245,277,202,298
IGFL3,421,344,319,312,207,202,231,208,180,168
CALM2,1777,2589,3389,3515,2160,2933,4075,4479,4226,2517
PTPN6,277,350,258,427,368,502,551,759,527,628
HPF1,88,88,109,114,84,100,139,152,144,119
CARD11,794,1201,1140,1636,920,1793,1675,1859,2002,1341
TYK2,1754,1789,1228,1184,2524,3298,2758,2312,2240,4048
TEX14,337,196,106,152,167,111,106,94,102,113
CASP7,155,199,286,267,330,162,187,153,170,222
STK11,130,143,182,159,134,259,223,346,187,226
GLO1,441,516,736,586,506,603,810,822,1161,790
NCOR2,447,294,310,220,355,616,504,488,349,462
TNFAIP3,4287,3311,2627,3121,3813,2706,2098,834,2109,2606
PRKAG2,321,285,283,348,389,260,221,190,205,187
KPNA1,638,434,476,375,380,490,340,258,266,276
CYBB,253,340,218,349,330,368,623,513,619,518
TLCD1,344,398,573,268,405,228,276,368,254,193
AKR7A3,210,146,208,147,147,201,231,387,233,175
CYB5R4,457,547,506,594,479,322,385,302,429,281
NFAT5,296,182,235,374,720,237,142,160,189,364
FUT7,114,115,97,128,139,145,211,175,180,226
EEF1G,1029,1319,1664,2573,1512,1676,2515,2368,4150,1950
SWAP70,1802,2245,2316,1539,1464,1701,1314,732,1150,923
ABCA7,125,137,156,134,143,209,214,252,162,248
SMAD7,365,607,301,478,561,403,305,145,246,363
AIDA,1161,2452,2471,2318,1980,1500,1474,1481,1649,1351
NCKAP1L,631,1111,763,694,866,1051,1391,1193,1018,1381
KLHL6,166,284,243,246,183,324,604,381,683,320
HRASLS2,152,194,176,161,267,112,111,112,117,146
GALK1,208,269,362,262,188,282,410,925,466,357
TNFSF4,237,749,694,351,679,312,770,434,392,795
SIN3A,716,680,732,536,570,596,518,435,413,415
NDUFA12,793,1117,2098,878,548,653,1814,2299,1373,853
RGS1,9006,7390,4212,5766,8990,7772,5643,1848,3253,4730
UCP2,106,134,234,122,178,208,204,424,209,280
NREP,142,299,431,315,274,252,467,499,353,480
UBE2D3,5417,4874,4060,5663,4171,4927,3556,2436,3121,2683
IFI16,1245,1702,2425,2618,1868,1196,1562,747,1840,949
TGOLN2,420,722,637,527,506,613,961,1125,823,688
NDRG1,993,1249,1951,993,1262,2839,1949,4120,1616,1330
KDM2B,2304,3853,2466,2852,3772,4975,4451,3556,3705,5437
ZNF277,473,575,583,622,297,414,452,350,369,198
EBP,221,206,285,233,254,284,348,363,498,387
CSNK1D,352,295,315,321,343,222,213,190,200,206
TAP1,7140,8732,7982,8825,12821,6622,5602,2532,5006,7250
HIF1A,597,790,555,1119,785,503,456,369,573,554
USP11,417,335,367,275,281,289,215,263,166,188
PGAM1,2163,1687,3404,2925,2076,1562,1388,1311,1921,866
PLSCR1,459,482,648,903,533,342,386,256,551,249
SP110,1655,2322,2532,2839,2616,1626,1886,983,1808,1590
IL7R,687,333,440,457,898,712,356,777,526,1522
GPR183,472,789,867,1325,788,484,507,471,993,616
NFE2L2,1326,998,1179,1335,957,1022,757,702,857,676
FLI1,104,155,221,165,143,154,242,327,301,214
ANXA2R,190,203,220,219,184,120,155,175,130,126
C18orf25,715,939,805,857,672,1340,1275,1252,1204,825
CLASP1,680,619,632,666,669,504,362,397,428,429
UBFD1,308,340,276,341,309,230,212,126,198,178
CISD1,882,802,646,663,443,1147,1126,1031,959,765
PLA2G4C,428,871,216,301,495,665,1714,366,472,778
NKTR,822,573,598,606,1056,958,683,943,569,1244
CPD,366,294,385,265,204,189,218,222,166,159
IMPAD1,304,343,300,314,225,216,213,195,191,184
MCM3,406,921,1101,829,836,608,1300,1299,950,1453
PSMD1,643,776,628,710,722,417,457,378,503,604
RABGAP1L,396,937,617,774,910,471,735,293,499,538
WDR81,174,129,121,150,164,234,258,191,192,261
CYP2R1,95,101,142,124,115,138,179,183,179,205
INTS3,320,240,243,261,327,384,294,411,405,463
RPS6KC1,402,301,295,276,257,248,231,163,177,190
TNFRSF4,1729,1693,3453,1227,904,2747,2157,5402,2625,1578
DTX3L,354,322,520,537,354,228,231,147,273,186
ADNP2,577,388,332,548,402,334,255,237,315,259
LRRC1,218,195,169,161,190,121,123,125,102,137
SEPT2,2170,3429,3786,2313,2475,2508,3835,4904,3478,4060
MAN2B2,425,491,500,441,566,536,787,877,615,760
TP53INP2,415,238,185,247,289,235,160,139,141,191
NSMCE2,405,470,331,536,539,275,381,248,338,303
DIP2B,1182,1134,890,845,775,837,779,566,575,572
NDUFB11,791,1196,1264,768,769,757,1491,1889,1224,909
XYLT1,214,316,305,140,130,331,420,471,140,129
RBM7,417,471,419,495,423,273,343,231,343,234
USP37,461,351,339,353,306,637,227,217,180,238
MYBPH,117,96,105,111,100,129,180,118,162,190
DDX51,2794,1184,1110,1336,2289,2581,1323,2065,1629,3126
TAF10,625,840,689,553,619,861,970,1041,966,810
SQRDL,233,371,426,603,484,221,276,218,393,301
SLK,516,567,507,444,327,401,488,328,282,297
PGGHG,523,262,344,144,259,741,404,809,187,348
GSTP1,4075,6027,6089,5073,5500,4940,9364,8485,6943,9156
DENND4B,428,311,321,355,435,774,474,497,548,726
TRMT13,161,204,153,198,155,250,273,207,248,195
PRR32,195,213,215,234,179,114,151,135,193,138
RPRD2,144,193,173,163,149,236,257,363,210,252
CBX4,333,409,428,348,455,249,247,285,271,265
IER5,1805,1316,1187,1575,1295,854,1001,575,874,615
AK091747,694,198,183,192,458,901,197,201,306,476
CADM4,106,127,127,188,146,197,197,152,232,184
TMEM41B,825,878,657,545,949,1600,1207,1271,979,1674
MFAP1,626,498,391,596,566,469,419,299,367,362
VPS36,164,215,253,221,212,268,359,446,324,331
KCTD20,267,367,397,276,264,425,423,391,428,467
RANBP1,815,850,1149,803,883,994,1319,1309,1063,1336
ZNF217,288,294,366,411,275,267,453,466,560,346
ELF4,480,560,479,396,673,312,368,280,251,400
MOB3A,365,400,497,348,279,568,562,879,525,438
RAB24,123,137,171,156,176,199,222,290,248,240
TBC1D9B,275,334,370,236,205,316,465,626,369,423
CEBPB,280,301,340,319,313,203,190,260,187,222
MTMR9,248,431,372,285,308,435,474,481,360,498
SYNE2,269,209,137,186,187,122,158,123,106,115
SUCLG2,150,167,256,193,201,211,231,502,297,380
NAPRT,368,219,300,313,212,461,301,944,610,370
TNFSF14,1789,782,709,1086,1939,1681,849,1670,1121,2083
DAAM1,357,372,342,528,493,711,476,538,635,572
SEC61G,7074,5691,7843,8087,5016,4605,5148,4425,4946,4304
SYPL1,197,225,372,277,172,304,345,522,354,228
ATXN1,358,341,173,211,194,324,412,249,207,362
PPP1R16B,618,902,683,701,732,1076,1134,1097,819,804
PALLD,742,497,526,872,462,587,213,343,326,353
FDFT1,3669,3349,3314,3361,2874,5411,5137,3973,6294,4036
MIR221,213,137,169,174,118,112,111,109,110,110
RCAN1,89,93,95,128,118,105,146,126,184,150
MAGED1,156,244,368,257,181,241,392,538,375,357
CYC1,730,1094,998,858,714,897,1316,1396,1386,1039
MMP23B,144,165,128,171,108,221,171,222,247,144
PPIB,170,303,223,503,306,159,176,197,476,311
ATF4,446,339,506,715,659,330,314,319,403,363
MUM1,218,334,195,201,270,296,372,353,311,334
BASP1,3159,3786,2371,2101,3781,2715,2062,1088,1551,2907
DESI1,877,715,544,581,1046,547,467,254,361,646
ZNF789,209,172,145,133,136,353,197,305,196,222
ECE1,189,232,312,159,253,179,150,167,151,117
RAC2,1054,2216,3458,2204,2111,2777,3932,4739,3374,3159
WDFY4,172,253,204,204,277,313,302,299,316,328
VCP,2197,2230,1698,2096,2096,1369,1341,1244,1650,1406
GEMIN4,1734,1391,1374,1167,926,1114,817,937,898,693
ADORA2B,161,125,146,155,148,96,105,106,85,87
METRNL,253,194,159,162,137,305,248,631,208,193
CCR10,197,304,142,187,284,222,349,207,319,302
DTX2,749,684,522,630,774,757,1047,899,1100,1211
POLR3K,122,143,180,170,150,132,243,231,230,181
EPSTI1,5207,7535,6354,6610,7462,4801,5085,2625,3581,4322
MAD2L2,1429,1987,1924,1534,1620,2477,2545,2865,2376,2252
LOC100128288,1574,791,681,584,901,1844,925,1210,815,1492
SPPL2A,1915,1804,1385,2214,2232,1932,1160,667,1304,1253
CCND2,5402,6199,5634,8294,9638,13124,9247,6473,9473,11254
SPHK1,811,494,300,369,538,513,323,163,254,358
FCHSD2,583,1522,1153,1302,1326,1590,2107,1989,2223,1985
ACSL3,553,539,469,575,651,872,697,560,845,906
EPHA2,118,116,130,124,119,187,182,177,189,130
TRMT1L,209,249,199,266,242,209,200,145,153,158
TMEM156,239,188,249,240,414,251,262,446,367,503
TSPYL2,692,319,248,307,265,277,201,281,175,178
NDST2,340,316,327,289,360,499,468,577,529,439
CDK6,875,642,586,650,386,548,434,298,373,421
RPL5,4507,4823,4794,3690,3530,7346,6868,7462,6510,4700
HNRNPA3,358,312,519,455,389,232,228,289,295,255
NFIX,189,120,192,147,105,100,96,97,93,92
TRIP10,1115,908,458,700,511,814,575,188,459,301
PHF21A,608,977,774,745,983,1003,1286,1179,960,1313
RAB11FIP3,151,234,209,200,286,225,319,356,292,333
ZUFSP,710,638,544,516,391,839,488,331,326,357
POP5,172,194,185,157,186,208,306,332,282,276
ADAR,2213,2084,1893,1536,2550,1548,1533,1106,1229,1370
SLC12A5,155,134,125,200,153,100,100,109,93,107
CLIC1,966,1469,2375,2247,3556,1100,1476,1480,1477,1716
RPL7A,2657,2991,3361,4331,2688,3664,4553,4547,6110,3979
NDUFS3,921,982,818,790,919,959,1397,1491,1072,1475
GAPVD1,649,630,433,459,481,916,732,533,586,742
FGD3,180,279,275,234,330,315,418,824,403,475
RPL26,1912,2177,4256,4193,2594,2774,3939,4726,5402,3575
RPL13A,2342,2471,3330,3323,2484,2609,3458,4341,4357,3772
MARS,635,682,803,731,940,419,517,481,471,694
PRPSAP1,231,386,497,315,321,285,546,710,487,478
SH3GL1,228,218,218,227,221,316,273,399,336,357
TICAM1,318,315,226,220,250,183,175,147,154,165
MCM3AP,505,699,730,557,738,836,1082,1060,792,1115
DDX19B,309,477,381,388,566,390,588,603,587,659
CD639781,419,170,238,174,126,146,111,115,109,117
NIFK,490,487,473,648,615,558,743,606,1144,875
PAM,1289,1107,1650,932,1196,1028,789,838,547,785
RBMX,891,711,653,860,768,434,544,447,658,507
AP4B1,301,342,355,366,518,420,538,681,464,881
CSTF3,725,334,398,413,265,912,278,249,263,184
DKFZP564C152,183,218,190,148,163,278,302,304,263,213
TNIP1,1321,1233,911,753,1368,1058,814,663,609,842
IER3,4588,4111,2216,2504,5425,4088,2715,873,1854,3311
KLF6,4158,3072,3028,3750,3973,2601,1829,2287,2524,2477
POC1B,134,229,249,191,194,294,319,408,266,276
LITAF,3903,4686,5339,4232,4280,3449,3349,2538,2828,2528
RNF19A,247,236,327,332,332,278,246,168,216,192
FIG4,468,652,609,347,466,384,427,309,286,303
TUBG2,164,188,170,134,163,245,249,352,214,281
DLAT,450,701,516,649,543,359,507,243,371,285
TP53BP1,545,343,347,386,449,441,263,255,201,249
GSN,104,136,171,126,186,145,206,324,203,226
RRP8,317,221,322,220,210,309,351,427,334,255
DRAM1,272,361,304,283,471,213,201,114,162,208
ARRDC5,218,202,167,137,217,362,260,329,206,304
ADCY7,125,145,171,155,188,149,184,303,233,275
MAPRE2,329,341,271,323,310,319,418,540,490,487
SRXN1,1569,869,292,1107,866,1169,598,161,503,576
PTBP3,4409,4525,3813,3549,3204,4370,3368,2257,2528,2466
DENR,845,327,298,427,861,709,439,644,562,1220
FAM129A,1800,1265,1805,1697,1901,1337,661,921,1194,1415
SKAP2,213,245,238,361,224,356,376,358,735,296
C16orf87,364,353,333,488,349,257,234,174,243,199
SAC3D1,240,385,238,253,352,316,478,381,302,390
QARS,1741,1857,1784,1578,1733,1886,2621,2803,3035,2443
PSMA3,1787,2193,2012,2379,1534,1337,1917,963,1804,1198
LMNB2,462,665,495,457,859,679,842,744,694,823
ENY2,2396,2816,2415,2462,1480,1785,1605,1289,1635,1014
TIMMDC1,416,253,226,187,318,202,164,168,166,212
MIB2,131,113,179,120,113,180,200,273,147,139
STIP1,2774,1985,1286,1464,1677,1437,1530,895,1005,1116
RIF1,194,252,301,269,249,219,168,164,197,155
AGL,311,406,273,261,325,467,569,355,277,534
KIAA2013,186,215,272,165,235,223,339,571,321,323
FAM101B,506,405,247,247,350,260,231,233,181,300
RAN,3772,3434,4187,3311,3298,2144,2475,2121,2287,2405
FSTL3,178,249,123,226,211,152,140,111,179,127
PFDN5,1550,2324,3344,2322,1764,3150,3738,4092,3485,2991
CLDND1,957,1231,1056,1383,1691,912,820,568,760,1025
GARS,2907,1689,1915,1854,1657,1615,1235,866,1167,1575
NBPF9,3311,2071,2395,3645,8732,4968,2445,2637,5322,10096
ATP6AP1,2556,2770,2306,2088,2568,3496,3985,3756,3835,4553
NRBP1,314,292,275,275,379,220,194,188,181,207
AP2S1,3337,4263,3465,3262,3356,4739,5049,5823,4801,5035
SACM1L,377,542,686,440,475,566,712,973,468,819
CCDC88C,119,130,116,156,157,138,209,195,171,255
CLEC16A,473,489,500,391,642,734,685,744,571,747
MRPL34,448,551,452,347,357,493,672,908,672,548
NUP54,705,675,621,656,695,526,450,400,440,452
PDS5B,349,283,216,245,271,214,178,181,182,161
JMJD7-PLA2G4B,179,134,141,151,157,284,211,306,175,226
PSIP1,159,261,320,216,252,229,378,445,297,378
CD44,277,521,1506,746,531,228,354,431,641,308
PLBD2,159,190,122,143,177,239,253,169,187,251
SUPT16H,894,776,727,802,1474,927,1201,961,1270,1697
ARL16,5437,2299,1920,2540,5240,5912,2220,3805,2920,5670
RITA1,144,172,182,174,177,146,260,394,268,216
GLIPR1,95,187,132,132,234,104,280,198,177,322
MGME1,227,289,249,281,357,343,411,423,421,510
SNIP1,593,537,364,551,559,367,368,316,383,420
RNF19B,374,504,593,429,636,396,337,199,279,402
RGS19,187,255,268,266,226,279,438,381,453,324
LGMN,826,977,1627,1309,1177,787,730,1021,930,614
HMGCS1,1335,914,1251,900,1444,2659,1018,1161,1957,1870
SLC2A6,314,478,456,376,625,388,682,820,635,856
GPR160,654,865,784,527,434,502,589,438,315,273
ANAPC5,312,472,556,466,611,435,705,964,772,669
MANF,3382,2930,3507,3075,2349,2060,1747,2412,2134,2043
MAN1B1,217,248,277,196,284,390,370,460,288,356
PTPLB,606,721,636,523,412,1045,905,919,750,669
ZNF573,89,94,103,113,140,115,138,180,154,190
B4GAT1,134,193,158,126,125,127,200,285,214,159
LINC00526,190,201,165,243,205,160,154,106,134,135
TRAPPC4,1194,1426,1389,1693,1723,701,956,813,1754,1241
CCDC106,246,337,474,265,237,327,421,870,340,395
TECR,366,315,375,307,336,374,525,645,502,447
B4GALT1,184,200,238,182,205,219,299,338,355,264
CDC5L,386,365,263,374,324,245,268,216,253,243
WDR1,1176,2204,2874,2128,2330,1862,3119,3347,3298,3282
BRPF1,1160,1170,937,965,1010,1659,1504,1523,1282,1364
NEK8,1005,752,940,579,908,1915,1217,1352,1045,1543
TP53I13,506,702,868,535,470,792,925,1494,668,796
PNPLA6,330,319,349,328,302,451,489,664,455,502
SUSD6,201,211,168,240,269,290,307,402,394,314
SH3GLB1,887,1298,1299,1538,1365,683,873,572,1072,1149
ECHDC2,94,179,102,123,249,107,239,143,183,401
BICD2,191,281,333,347,277,264,409,417,565,555
AURKA,120,176,142,161,170,135,300,239,206,327
STRBP,166,187,137,185,167,248,251,267,228,233
ZNF430,13571,7482,6340,8608,14811,14651,7551,12785,9054,17252
PRDX3,437,619,919,1154,560,429,1046,920,1545,668
BU935198,1028,1545,1234,866,1301,531,1846,2079,975,1832
GAPT,124,224,143,220,263,200,442,262,388,327
CXCL2,421,174,158,185,117,533,117,120,108,107
MRI1,292,378,308,234,236,473,434,783,304,421
COQ10B,2242,1533,1418,1826,1616,1250,1089,968,1345,985
FOSB,294,147,130,225,141,114,89,99,114,97
PHF13,889,614,498,474,480,665,373,336,312,305
BG537822,243,163,160,139,133,129,108,93,132,102
TRAK2,213,385,445,389,463,245,361,262,262,349
AKR1C3,1880,2671,1359,2168,1771,2788,2824,1005,1982,2869
EIF4A3,5248,3009,2498,3094,2445,3394,1957,1582,2368,2030
HEBP1,282,406,704,354,326,322,532,621,525,521
CEP135,1424,1357,679,638,1051,1049,710,414,495,755
FEN1,1218,972,883,811,938,909,593,633,540,932
MKNK2,4723,4794,3090,3090,3200,10370,6754,4532,4739,3549
ZC3HAV1,236,155,169,183,247,139,124,117,116,141
DNAJB11,2486,2382,1822,1929,2157,1710,1421,1230,1457,1743
HSD17B12,1651,1562,1368,1623,1303,2594,2096,2103,2395,2313
BX099468,159,140,199,147,158,108,98,107,107,102
HERC1,326,350,338,264,366,437,579,501,460,565
PSMA5,3186,4270,3800,4187,3228,2923,2792,2114,2568,2376
SLC12A3,233,154,232,240,285,339,238,345,536,457
TRA2A,665,453,391,398,405,399,265,303,271,274
HAUS2,1325,634,564,793,1653,1133,640,1247,1174,1841
LTV1,638,680,623,695,798,737,1005,767,1027,1029
ACOT9,508,573,396,449,697,393,344,273,365,341
NOTCH1,614,788,695,676,840,850,1028,1520,1318,793
DBI,2452,4055,3899,5444,5128,3473,6059,4748,7042,5994
SYTL3,135,217,230,158,251,135,147,233,132,149
SNW1,414,484,421,603,561,285,327,298,383,403
ZNF671,202,215,263,215,266,220,257,350,318,388
ATXN1L,266,268,326,327,373,201,234,212,253,220
GJA1,339,148,166,192,158,112,105,97,117,115
ARHGAP15,558,766,548,662,848,823,1281,976,911,1148
PLAUR,159,151,150,155,198,228,203,285,203,229
MS4A6A,106,146,135,261,138,127,377,193,556,204
RAMP2-AS1,10164,5875,5782,6702,12785,10657,6440,9884,7577,14467
DDX52,653,632,441,564,671,524,448,265,320,428
PLCB2,87,86,85,90,119,90,129,125,133,136
SEPHS2,331,509,359,327,422,411,708,777,530,485
SLC35A4,540,619,670,509,696,416,452,324,419,506
FUK,111,150,169,130,171,156,221,260,195,278
SNRK,937,786,560,518,682,481,591,462,424,392
STRA13,470,599,528,423,463,520,802,844,692,586
SLC46A3,119,140,151,142,119,174,209,252,207,167
SLC35E2B,219,344,412,259,375,282,507,925,403,702
PON2,96,133,175,139,154,103,205,344,200,231
PLOD2,180,173,177,163,123,108,116,117,136,118
NETO2,242,258,157,166,126,135,113,90,108,127
PPP2R5A,117,166,190,174,229,152,181,256,300,276
HIVEP1,376,533,601,550,481,801,840,665,785,608
BCAT1,396,278,939,435,204,269,244,456,273,203
DLL4,142,171,113,118,181,96,90,96,109,101
HAVCR2,1074,2265,2581,1592,1794,956,1512,1220,782,1739
NDUFA3,748,1064,1232,741,1030,768,1578,1737,1368,1515
SP140,166,220,200,170,267,159,138,125,124,136
AHCYL1,1123,1074,1205,1450,1351,1221,812,584,940,820
FOXN3,1217,1675,915,770,1479,1868,2010,1360,1083,1787
NGDN,782,732,839,982,821,468,559,405,643,610
ANKRD22,168,240,190,159,303,130,130,123,130,126
TIA1,1341,1578,1154,1397,1299,1503,1064,719,843,913
CD52,152,185,320,209,139,187,272,1116,587,231
SLC7A5,2752,2515,1895,2340,2006,3985,3434,6073,3429,2715
FHOD1,234,159,161,136,187,419,237,227,221,309
PTTG1,1059,1330,977,980,992,600,726,676,685,662
DANCR,551,304,328,409,320,553,373,481,505,414
TWSG1,1139,870,723,686,777,764,529,553,430,444
TOLLIP,115,112,148,115,105,145,169,210,173,144
RASGRP3,973,1133,846,1148,1494,783,825,375,562,773
EEF1AKMT1,110,125,180,129,127,163,195,213,186,172
ACBD3,619,568,574,611,503,489,417,348,392,377
UAP1,674,647,554,388,628,569,428,336,325,567
RPS17,2903,2951,4204,4067,2423,3181,4322,5175,5775,3361
EEF1B2,5107,7107,6570,5280,2907,7966,8376,7732,6528,4794
KLRF1,136,173,176,144,140,176,245,262,149,211
TATDN3,294,335,274,405,349,344,491,349,527,553
BCL2L13,3738,4029,4331,4409,2738,2812,3003,2752,2738,2144
LAP3,3776,4409,4111,5899,4576,3323,3012,1701,3566,2792
FAM156B,473,227,174,221,261,585,291,332,232,365
STIM1,139,137,151,164,137,146,192,206,213,204
FAAP100,424,356,372,275,361,617,528,765,392,489
SLCO5A1,194,187,136,170,244,168,125,126,128,150
BIRC3,3556,2861,3382,3386,4060,3458,2316,1613,2313,3720
RALGPS1,126,121,123,115,132,199,180,182,167,162
ICAM3,607,564,785,470,796,882,931,1074,590,887
LYSMD4,524,597,584,654,567,400,418,351,404,369
ANGEL2,661,536,428,497,589,998,783,732,629,934
WDR83OS,1078,1182,1295,1159,1535,1064,1499,1809,1726,2174
GABPB1,202,321,173,208,223,212,158,115,142,117
RPS26,987,1526,1784,1105,1265,1123,2244,1977,1683,1846
MAN2C1,109,120,154,124,150,155,155,209,182,199
CUL1,633,589,685,571,663,420,449,398,458,434
AMFR,255,229,510,416,290,199,159,282,306,159
KLHDC4,531,500,389,358,400,829,584,682,463,553
JCHAIN,1186,3131,4317,4036,4507,2730,5006,6059,5883,6405
SLC7A6,172,154,164,194,212,251,202,255,263,251
RINL,101,149,135,150,131,161,218,197,207,191
MRPS5,315,327,427,320,334,480,428,473,477,510
NOLC1,465,287,273,284,353,241,165,150,197,203
EIF3F,1023,1159,1335,1305,1121,1296,2013,1615,2146,1687
NDUFA2,865,1159,1355,1180,975,1039,1688,1832,1859,1341
LOC105379362,124,195,189,167,146,201,292,259,243,185
CB857824,269,170,147,170,282,248,165,262,195,277
AKT1,679,836,1067,514,686,966,998,1292,796,1043
DHRS1,278,243,290,228,261,432,346,524,317,381
FYCO1,114,247,185,167,295,127,269,298,198,319
QPRT,112,168,170,129,232,170,261,245,211,342
NUAK2,128,177,128,140,174,204,206,227,173,162
SLC31A2,314,610,260,401,452,296,276,188,322,253
P4HA2,163,175,242,161,154,189,283,242,237,223
ATP5J,1494,1923,2694,2445,1737,1352,2808,2794,2824,2198
GPKOW,396,473,419,476,613,300,368,303,392,325
APOPT1,1322,719,604,651,1065,1447,629,1045,768,1072
SLC39A11,92,92,109,96,132,106,140,136,147,168
MICB,594,548,574,520,589,437,368,333,395,404
NFE2L3,275,507,744,386,485,259,304,611,384,334
KDELR2,509,632,688,764,505,510,384,421,686,435
GBP2,167,312,448,319,464,140,223,220,172,270
TGIF2,383,476,352,402,452,622,562,542,584,617
ME2,1152,988,733,1110,738,863,736,415,680,401
MLEC,127,198,281,194,189,218,281,389,262,384
TMEM268,1350,1137,1043,924,988,1163,718,448,737,708
SNX6,874,873,742,846,1001,631,492,371,601,617
IQGAP2,127,258,193,263,306,299,503,374,358,498
AOC4P,3189,1523,1363,2065,3985,3314,1761,2995,2425,4686
CEP44,303,284,279,261,266,485,477,405,329,397
PQLC1,641,696,981,662,522,1024,833,1643,960,780
PARP9,1151,1227,1235,1441,1496,1292,852,411,918,771
SLC25A43,168,356,331,337,295,284,480,505,602,343
NDUFA8,962,1088,1203,849,884,865,1522,1600,1394,1169
CST3,448,248,518,320,343,376,496,1148,679,407
DMC1,6124,2668,2410,3566,9611,7679,3963,5166,4280,9265
MTHFR,158,116,155,177,171,253,165,225,229,245
NMRAL1P1,226,180,144,173,209,196,124,120,119,127
C2orf49,430,419,332,404,372,308,315,222,279,226
PAAF1,177,208,214,246,321,234,310,234,329,362
CHSY1,1281,1295,1387,1012,1017,1498,1093,884,689,813
EIF4E2,616,747,800,819,1099,551,553,509,628,721
TUFT1,206,178,161,142,199,174,122,109,123,123
NDUFB6,310,434,501,486,257,341,684,776,628,317
SRSF8,224,276,354,375,270,266,399,482,452,355
MEF2C,98,181,148,187,234,189,266,212,263,345
CYB5R1,345,455,315,321,493,419,499,579,351,581
CAT,451,815,600,402,363,502,1295,1181,652,645
ZFR,826,861,690,901,876,875,583,474,595,608
INSM2,135,137,96,138,110,94,93,94,89,81
HYPM,174,150,140,160,145,104,104,102,97,103
HSD17B4,507,714,902,640,575,568,959,933,925,798
SPI1,195,268,339,273,298,346,378,484,437,394
C11orf1,205,233,262,198,164,297,304,268,311,234
ANKRD12,496,456,438,533,488,754,705,618,673,733
ZNF738,3698,1651,1481,1968,4036,3877,2015,2841,2105,5602
PPIAL4A,4212,5841,7509,7585,4850,4986,9139,8427,8597,6260
EHBP1L1,469,469,389,269,513,890,677,478,372,686
CHN2,91,98,101,107,111,98,160,146,121,149
ATRAID,261,473,601,467,407,382,723,745,618,674
PLXNA1,81,86,101,100,98,141,122,196,126,156
SGK3,167,135,132,189,197,241,138,131,245,279
METTL1,354,297,409,350,306,253,240,224,281,243
TMEM63B,279,207,177,214,257,211,167,139,142,148
STX8,134,262,289,301,332,189,417,374,466,477
RIPK1,219,233,335,247,354,141,171,231,154,247
SLX1A,141,201,227,155,153,168,257,243,174,224
GMPR2,600,574,676,472,370,844,827,956,754,551
ABHD10,101,174,185,171,195,135,207,268,264,251
FAM136A,182,279,333,274,317,275,402,439,348,444
SF3B5,1483,1408,1555,1407,1182,920,1177,978,1074,958
RPS18,4532,4946,6394,5166,3958,7118,6377,8933,8533,5593
WDR6,941,697,701,512,1052,1009,792,1062,643,1117
TMA7,1523,1597,3323,1979,1491,1266,2298,3669,2354,1784
FICD,374,363,270,370,430,264,205,154,273,257
BIN1,340,194,242,175,178,289,279,279,264,222
MSRB2,386,590,930,457,317,452,669,1347,658,472
RAB21,1336,1210,983,1293,909,1249,866,424,841,572
BLOC1S1,347,502,584,624,378,531,749,722,795,499
CCZ1B,749,1081,968,1165,1116,752,765,485,932,752
FBXO34,311,198,294,315,255,216,178,204,249,188
COA6,288,322,183,376,244,200,213,125,210,169
WDR54,813,634,1173,864,268,1167,1148,1910,1169,533
ZNF467,566,369,440,419,330,1046,411,602,638,368
KIAA0513,119,148,136,167,156,163,217,235,213,186
SNAP29,123,187,189,158,212,184,269,279,269,209
NDFIP2,132,167,184,137,152,211,267,272,180,219
DNMT1,4138,5611,4425,4425,5280,4226,4328,3082,3039,2846
DCTPP1,759,916,935,713,852,730,1318,1457,1106,1223
EIF4G3,344,393,356,535,359,507,433,547,705,516
LONP1,1477,769,819,636,663,1302,590,536,482,442
HLA-B,11152,13991,11876,15800,14934,9747,12954,8368,9078,13959
PSMA4,5521,5085,4946,5611,4778,4514,3910,2715,3543,3496
AGPAT5,133,161,196,249,165,197,237,281,374,207
ZFP36,8685,4309,2081,5322,4180,8346,4138,2124,2486,3003
XYLT2,123,155,198,140,147,193,211,322,224,177
VCPIP1,324,323,364,324,272,354,356,225,214,193
HHEX,102,155,162,145,162,145,261,293,222,219
GABARAPL2,299,311,319,667,351,458,484,386,531,450
SYNGR1,86,75,97,100,123,85,120,144,139,164
ARID3B,323,417,330,316,376,564,473,448,350,473
NAPA,452,428,382,351,398,325,312,276,277,247
RPL21P28,2025,1481,2832,3756,2846,1576,1883,1975,4187,3973
PARP1,321,716,970,414,471,441,952,1114,582,676
NDUFV1,492,513,499,368,472,663,706,781,587,727
TMEM14A,93,98,134,118,102,87,152,146,158,112
STAT2,6943,6821,6648,6955,8751,6059,4844,4164,4331,5831
HIST1H1C,2410,2625,1483,1715,2663,3290,2195,741,880,1681
TMEM170B,196,288,291,237,278,375,434,455,398,354
SERPINF2,94,90,91,99,100,117,151,165,129,135
CCBE1,2111,805,680,990,2107,2043,892,1418,1075,2647
FAM156A,255,119,124,140,192,260,163,201,182,241
AHSA1,1905,1415,1097,1615,1339,1016,900,704,1233,988
ZNF358,163,235,332,202,165,204,303,485,226,290
GPR137,742,982,899,730,773,874,1315,1231,1107,1049
RHOU,401,195,266,158,152,136,160,417,131,132
SERTAD1,1227,756,599,579,719,715,434,502,377,601
NINJ2,116,138,141,118,116,120,180,169,136,199
SNORD3A,1650,515,365,682,417,1532,326,360,415,253
BE612775,323,379,304,339,468,237,261,189,183,304
RIT1,623,362,311,598,376,328,263,158,282,237
COA5,248,277,297,289,239,288,396,661,409,383
ARHGDIA,1368,1380,1284,1149,1062,882,1019,1007,862,898
CD37,204,295,282,224,180,321,364,480,285,264
MLLT11,1437,1913,723,1286,1715,2803,2076,655,1612,2054
ANKRD33,96,107,153,149,124,127,177,310,190,166
HCST,154,116,143,114,110,165,144,246,225,131
THEM6,98,120,258,112,109,100,160,561,160,164
NDUFB8,2412,2475,2601,2621,2244,3044,3535,3603,3768,2987
RNF125,114,121,118,124,110,128,169,327,156,225
CTNS,1656,1708,1491,1863,1963,3213,2255,3253,1970,2439
SSH2,108,155,140,127,148,171,200,314,154,239
P2RY10,846,1218,797,1381,1161,776,1159,470,813,854
DEGS1,1075,1327,1292,1051,745,1828,1535,1835,1512,1142
CSDE1,293,440,246,404,368,222,274,171,269,258
SLC8B1,338,288,262,256,280,580,381,400,356,421
AMY1C,1534,2856,2291,4075,3503,2137,3638,4445,5643,4075
LPXN,3744,5452,5370,5113,5232,5691,8044,8403,5331,7462
TBCD,201,255,252,180,212,268,471,720,224,302
DENND1B,202,308,317,340,420,223,222,215,221,274
NDUFA7,191,263,363,263,219,240,422,562,375,328
COLGALT1,305,298,304,333,305,400,434,603,467,415
CLNS1A,273,495,594,545,523,417,654,845,953,745
PRMT7,91,110,124,104,137,117,161,157,144,167
MBNL2,96,160,149,126,131,123,186,253,168,187
PLD6,112,117,106,108,145,124,159,173,148,183
CDC40,261,363,346,334,311,330,476,498,475,354
WDR37,280,206,231,199,224,404,319,439,311,282
PTTG3P,340,430,351,442,385,270,274,241,300,222
MYDGF,949,618,867,632,982,542,609,779,577,864
DFFA,412,296,262,295,371,421,325,494,336,423
IRF1,1673,1681,1386,1635,1966,2006,1220,909,1176,887
GOLGA6L6,5223,2538,2252,3250,6158,4863,2573,4624,3434,6498
GAR1,410,384,359,415,292,309,223,254,304,270
CRIPAK,130,89,94,94,107,224,121,156,120,135
APOL2,199,105,154,167,183,138,104,98,117,138
SLC32A1,481,310,220,337,189,719,483,275,441,222
ARPC1A,755,764,536,614,903,456,665,407,532,531
ADIRF,119,132,157,115,134,93,94,89,83,98
TNFRSF17,85,107,95,116,167,93,224,153,151,348
MRPS24,313,396,535,511,380,313,563,860,570,464
SOCS1,996,920,1069,815,1248,1150,675,723,584,701
NME1,110,111,130,139,114,124,162,167,170,155
DAPP1,9339,5107,5137,6394,10118,9139,5305,9078,7226,13124
PALD1,194,178,150,137,191,252,272,223,252,288
LOC644936,1124,1716,1543,2574,4986,1637,2436,1154,2774,5611
UBL7,168,237,212,158,180,173,234,293,256,281
NSMCE1,442,442,527,601,408,551,627,724,1076,502
STX12,180,257,188,208,161,284,246,222,280,267
TMEM147,303,387,474,358,318,421,537,508,548,448
HNRNPLL,209,297,297,322,341,167,258,196,209,210
WDR75,483,712,804,594,522,955,908,843,599,617
RPL30,7042,7096,9659,10044,7042,6893,10066,10164,10994,8533
STK38,236,214,278,260,383,387,306,369,335,464
APP,389,395,482,466,401,379,569,644,655,455
ZNF486,10144,4458,4409,6073,13007,9445,5196,8608,7752,14759
C14orf159,194,183,215,181,254,217,275,482,264,304
ATP6AP2,1872,1910,1935,2220,1840,2535,2706,3012,3050,2553
PHPT1,881,1065,834,729,638,976,1302,1369,1181,996
MED25,281,308,320,179,233,231,204,199,158,158
OXSR1,1636,1306,1515,1469,997,1335,1037,1024,1063,957
BRSK1,320,354,222,276,252,329,280,153,186,195
CTSB,1496,1141,1045,1064,1341,1021,1354,1819,1615,1932
ADGRE5,135,116,113,131,191,218,186,163,172,198
DCP1A,533,397,322,383,493,467,256,217,280,304
SERBP1,372,471,457,453,404,478,593,680,828,642
MAFG,566,298,230,318,317,368,224,178,180,230
SCT,164,342,376,309,282,232,439,438,439,317
SRP54,1821,1759,1378,2376,1805,1686,1276,690,1441,1186
MSN,2471,2747,3311,3204,3048,1650,1804,2255,2154,2320
CCNYL1,172,166,139,212,132,180,117,85,119,111
COX19,385,214,239,283,422,401,289,432,349,426
FKBP14,1541,746,659,722,1453,2039,809,1055,805,1796
QSOX1,160,293,277,206,419,205,391,763,360,585
EMILIN1,86,83,93,96,86,106,122,137,135,106
AK4,582,427,757,665,333,578,266,419,411,222
TRANK1,345,552,423,324,816,305,331,181,190,299
RPL13AP5,12045,13686,12866,16503,11767,8878,19600,18600,18174,13240
TXLNA,1862,1854,1339,1540,2187,1313,1401,965,1244,1895
TNFRSF9,392,331,228,226,467,296,234,129,173,318
CYP20A1,195,225,209,250,234,227,194,159,159,157
C1orf109,146,141,138,177,135,157,191,201,245,198
TBC1D13,2792,2187,1138,2070,3186,3503,1550,1052,1454,3048
PERP,172,162,142,163,163,115,105,120,118,108
RAD21,897,1218,1106,877,1236,784,953,782,767,1081
CDH1,657,1480,3675,1436,3173,1187,1469,2694,2088,2425
PIGX,336,264,295,293,393,417,335,423,377,436
FAM53B,100,113,107,112,152,143,157,160,164,139
RNU1-1,1972,392,313,643,501,4002,342,358,355,337
NOMO3,115,137,145,267,148,84,103,105,140,92
DSG2,658,1188,742,473,551,929,1337,1075,552,684
GNAI3,246,353,187,268,202,270,241,150,174,169
MIGA1,1008,518,474,737,1386,1158,639,874,1039,1469
FAM117A,94,100,109,110,116,115,154,158,121,178
DLG4,161,129,160,141,147,221,166,251,177,208
EEF1D,2666,1819,2076,1637,1780,2295,2659,2960,2564,2031
PSMB10,7996,10340,9139,8646,8044,6136,7410,6821,6050,5085
STMN3,118,152,265,128,137,190,204,622,163,193
SMPD3,109,114,148,146,147,137,149,311,206,229
CA841942,248,153,149,127,180,347,183,216,162,228
LINC00202-2,296,144,164,191,252,269,165,282,165,321
LRRC3DN,144,193,234,162,223,180,137,126,133,147
ALDH5A1,118,125,149,116,119,152,196,326,160,168
UBE2Z,176,188,274,257,356,165,159,183,231,282
GRWD1,483,386,330,404,395,317,287,200,249,281
KARS,598,602,546,768,641,427,401,334,496,446
RPS2,7577,5073,6719,4553,3237,7140,6124,8897,7793,4280
KIF3B,199,246,230,210,253,153,163,133,165,190
HSPH1,4837,3944,1708,4807,1728,3465,2803,1623,2839,1397
ADPRH,570,443,371,367,456,362,315,223,287,350
CUTA,376,295,410,231,224,415,531,662,369,361
STX2,393,387,381,298,246,548,288,271,214,215
S100A11,298,437,712,572,577,290,301,432,406,422
GNAI2,604,1200,1357,783,693,941,1265,2000,1101,921
HIVEP2,462,355,222,364,324,310,296,212,252,247
CBX6,1829,2410,1980,3138,4309,3389,2738,3344,3973,4507
C8orf37,10657,5223,5425,5936,12117,10280,6027,8346,7653,12866
SLC39A3,472,732,572,542,499,452,762,786,771,713
LILRB1,10404,6686,5922,6458,13240,11403,5964,9397,8608,13401
ZMIZ1,1782,1763,1732,1174,747,2766,2433,3240,1618,1466
PRKAR1A,848,1946,165,1270,922,1075,2065,171,1296,1308
ZNF143,942,706,279,693,717,981,503,226,469,529
HMCES,582,418,594,449,520,285,282,574,370,381
GYPC,127,177,253,250,129,194,248,309,476,144
FOXP1-IT1,827,215,204,223,743,534,178,313,182,469
FAM83D,121,208,102,102,160,85,99,86,82,96
ABHD14B,92,91,124,99,98,101,122,180,138,142
RAD51C,131,246,144,158,168,148,283,143,228,222
MAN2B1,186,218,205,168,176,244,315,347,262,200
FBXO2,271,221,235,177,249,200,167,182,154,142
ZNF549,4304,2152,1789,2036,2808,5654,2528,3018,2398,4263
ZKSCAN4,108,141,203,135,140,158,196,260,152,226
SH2B1,121,135,134,119,118,173,140,170,134,191
LHPP,110,141,175,147,124,164,217,297,198,153
SLC23A2,201,178,206,158,193,219,245,389,270,335
SAP30,1184,1284,778,718,314,1117,1004,542,555,235
COPE,591,615,672,430,416,384,567,643,422,417
POC1A,112,133,162,135,137,139,189,195,189,170
WDR60,311,331,263,233,210,524,378,368,229,242
GPATCH3,330,256,191,173,275,220,230,149,183,178
ANKIB1,723,860,996,1139,1014,796,711,565,778,601
CCT2,1383,1597,1259,1862,1510,763,1078,905,1479,1083
KPNB1,3973,5360,3877,4565,4232,4686,3944,2568,2995,3022
MRPL57,257,152,167,183,305,342,206,256,203,330
CASP3,1583,3361,2263,1962,3407,1616,2119,1532,1481,2398
INO80C,421,391,404,441,443,291,300,281,358,305
MTHFD1L,302,206,327,283,172,231,176,202,213,169
TFRC,2723,3835,3126,2281,3009,2676,2150,2390,1740,2091
PFAS,160,244,251,225,215,295,437,315,326,306
LRRC8D,195,190,170,168,178,266,257,249,214,244
ZNF700,403,311,344,339,350,583,406,518,423,481
DEPDC7,238,144,182,148,104,123,98,124,106,101
AZI2,221,291,338,304,293,205,238,196,213,210
UQCRHL,2756,3543,2738,2841,2532,3603,4370,3853,4296,3535
NNT,169,260,217,239,175,243,340,284,367,304
NUDT22,222,305,243,213,258,292,340,360,277,343
USP5,720,660,662,571,713,879,926,949,875,1051
FNDC3A,397,380,306,430,393,459,322,242,249,281
PHACTR2,421,477,498,631,710,359,356,209,341,564
PIK3CD,430,711,762,508,656,602,917,1056,712,1038
PARP4,416,1118,1441,907,1716,950,1562,2019,1117,1689
LAMTOR1,760,1308,1052,957,626,931,1503,1337,1403,808
KIF5B,299,375,305,381,315,213,232,219,256,225
SH3RF1,106,111,130,150,138,91,87,97,106,93
PLSCR3,419,643,653,369,347,585,697,929,527,378
POLR2J2,252,253,263,287,318,308,367,301,370,432
BC067908,246,171,176,175,142,286,243,352,245,199
SMARCD1,711,868,862,746,970,584,618,713,550,728
RPL13AP6,2609,2688,3109,2666,2204,1915,3720,4458,4328,3144
ZBED5,352,656,595,580,697,601,782,959,831,1056
GADD45G,371,172,191,146,121,125,123,176,96,122
CIPC,298,213,211,205,153,347,295,312,221,171
IRAK1,559,815,656,561,795,580,1141,902,916,1088
KHSRP,1629,1271,1255,1205,1106,801,900,950,887,942
MAGT1,1665,677,641,790,1631,1859,913,1102,909,1917
GPR146,140,142,212,144,118,161,198,441,210,140
TBC1D9,121,194,184,130,163,171,340,373,227,217
SLFN12,165,253,218,232,298,166,196,133,160,191
GLG1,1034,1292,1160,1294,1213,1342,1715,1691,1654,1896
C19orf60,112,109,190,112,122,109,153,228,156,163
FOXK1,142,209,188,159,133,221,291,294,177,177
RGCC,250,138,138,138,126,389,125,377,193,138
ZC3HC1,840,900,551,712,889,763,593,453,603,642
MMAA,220,232,218,239,237,200,173,131,150,167
P2RX1,127,113,134,133,139,182,207,283,156,186
CNN3,107,108,122,121,121,169,171,146,166,177
PCMTD2,107,130,160,136,147,173,190,215,187,210
NPIPA1,243,167,168,152,194,253,213,275,180,234
RPP25,86,98,122,116,113,112,138,222,198,157
RPL13,573,719,691,567,557,936,789,922,798,682
AK1,312,153,139,133,143,584,178,200,189,247
FKTN,14229,9139,8346,8250,16087,14732,9265,12720,11920,16503
TIMP1,245,234,516,161,191,338,263,1270,325,292
UHRF1BP1,286,339,239,311,282,295,213,183,164,205
AHSA2,823,433,450,370,623,1040,506,627,375,767
KLHL8,238,256,260,230,225,251,297,383,368,331
SLC1A5,262,240,226,297,292,297,344,380,501,365
LYN,3271,4931,4739,5812,3800,4595,3407,2232,4483,2379
DAPK1,123,128,184,218,165,191,221,230,247,269
PHGDH,617,774,1213,1042,442,301,637,556,559,511
GLB1,402,657,679,516,550,620,861,771,731,766
HDC,174,176,286,143,154,125,102,301,114,129
IL1B,327,118,140,232,104,125,90,100,215,89
TRIM33,486,395,332,424,391,421,284,228,274,296
DUSP3,2475,1488,1657,2137,1547,3025,1777,2143,2336,2304
GORASP2,345,591,712,528,430,288,484,561,380,379
APEH,285,407,431,406,353,416,565,575,583,476
TCF4,1621,2076,2135,2568,2852,2967,2777,2816,3738,4445
TOP2B,539,673,776,554,524,577,769,998,808,638
KLHL24,560,525,372,321,251,669,517,540,355,451
SLC25A23,330,339,173,339,383,306,207,291,244,212
WIPI2,111,154,116,123,131,128,173,170,155,178
SYAP1,1014,469,461,557,1111,1047,519,773,629,1239
NUDT7,118,130,131,134,121,132,210,190,180,157
ANKRD13A,599,1092,807,683,585,1030,947,1054,718,721
NMT1,262,261,291,288,357,253,349,419,399,408
ATP5E,705,698,1118,956,846,737,1101,1262,1421,1174
BUD31,2043,1734,1585,1545,1804,1578,1406,913,998,1251
UCHL3,543,634,585,805,718,382,505,337,546,457
CAP1,2405,3590,4029,3458,3195,2694,4106,4794,4975,5102
RNF145,1415,737,1183,908,592,1157,538,657,605,655
TLR7,1357,3337,2091,2450,2452,1975,2140,1377,1767,1653
FAM217B,89,102,122,110,135,103,139,174,153,164
SP100,225,324,257,369,368,233,283,173,256,218
ACSL1,532,595,525,650,445,452,453,294,384,288
MMP25,140,156,204,210,201,278,209,325,328,226
ZNF223,1299,669,577,911,1921,1262,676,1322,1054,2415
ABHD14A,86,110,100,103,101,110,145,181,141,124
TMEM254,175,169,263,146,165,204,234,353,222,237
DPPA4,213,254,363,210,355,313,352,427,300,471
TTC39C,381,255,328,392,270,598,365,416,555,454
PNOC,260,1439,697,402,1507,207,1446,504,480,1789
BMP8B,114,101,113,123,162,158,111,124,160,215
SUSD3,93,105,123,114,107,130,148,315,164,112
DNASE2,250,304,175,225,300,296,516,292,346,375
SNU13,729,612,845,613,588,658,784,1469,950,848
MYB,477,841,798,438,937,608,1103,1732,636,1585
SHD,98,104,97,106,104,200,169,111,143,114
XPO4,265,368,285,282,298,394,435,275,339,411
MYD88,428,742,938,852,1130,399,616,416,650,671
CNIH1,343,384,379,374,262,455,517,765,651,451
NECAP2,368,671,831,610,793,697,869,927,952,1208
KIAA1468,426,250,202,323,364,262,222,199,234,281
FANCI,122,144,124,136,124,172,187,177,128,160
RPS3,4911,4904,6910,4347,4029,5289,6775,8318,7551,6059
ELMO2,555,778,905,753,797,632,601,541,563,507
FXYD6,176,166,369,303,283,379,200,169,321,205
IL17RD,3012,1805,1977,2077,3150,2445,1172,1504,1432,2213
LINC01420,1408,1832,2065,1466,1410,1937,2535,3009,2025,1844
NUDCD2,254,349,321,320,185,334,264,232,224,204
SPSB3,520,508,657,382,548,515,718,1300,490,1000
LOC100505715,155,116,116,123,180,214,171,154,152,186
UQCRFS1,3399,3033,2824,3240,2591,2439,2197,1973,2339,2146
SERPINB9,169,168,184,123,154,131,135,122,117,116
LAMTOR4,304,384,432,335,370,292,450,633,511,539
HMG20B,476,526,748,363,409,456,658,1160,478,714
FERMT3,177,170,187,187,217,237,248,258,302,440
DNAJC3,241,212,150,227,223,211,162,129,153,162
AES,254,409,555,266,198,244,380,425,367,191
MTMR6,433,464,481,413,287,592,359,314,279,270
RPL23AP87,2330,4193,5683,5859,3587,4025,5917,5782,7535,5506
ICE2,102,123,112,143,111,114,156,155,156,141
MBP,97,109,130,118,102,116,150,163,193,142
NAA38,141,215,221,202,208,193,287,310,342,235
GINS3,96,144,140,224,184,151,177,198,224,207
UFM1,770,662,520,956,630,827,480,450,450,517
N4BP2L1,1162,556,346,659,538,1107,403,385,462,372
CHD9,544,737,560,714,1167,625,1051,844,983,1531
BX116997,117,132,132,124,149,242,159,182,148,189
CXorf56,134,166,162,179,155,116,129,118,159,110
BLVRB,269,352,212,255,274,371,453,336,359,525
TMEM263,273,248,313,285,222,224,164,201,198,168
BBX,721,1014,1144,1124,1152,817,860,593,865,693
NGLY1,2181,1339,1184,1220,1041,1780,887,635,865,937
COX4I1,4968,7027,8376,4968,5339,6423,7346,10615,7096,7859
GNG10,92,148,344,229,154,113,212,318,325,138
VAMP5,249,443,532,435,536,245,333,322,338,301
MB21D1,209,411,243,474,532,209,302,145,313,298
COX14,268,339,434,282,273,238,360,387,401,432
ENPP2,567,1386,463,944,1991,448,1100,220,686,1007
ACAA1,250,300,358,241,292,261,401,442,377,447
FKBP15,123,137,139,147,134,144,189,239,198,135
ZMIZ2,139,110,106,119,134,160,164,136,224,201
ZFP1,197,203,193,163,165,158,150,140,140,131
EIF1,4904,3503,3543,4267,4193,3818,3050,2632,3044,3109
RNA28S5,8205,15471,16956,17357,7752,9678,13650,11254,14428,7265
RHBDD2,429,360,387,254,374,405,272,269,262,334
RCN1,1123,1301,1167,1121,1592,1843,1604,947,1177,1804
DR977977,300,180,181,151,201,289,205,249,191,259
C20orf27,136,156,164,162,145,155,214,266,241,170
DNAJA3,686,607,615,570,756,817,865,957,844,845
BEX4,193,217,434,254,159,165,300,354,298,187
SLC47A1,82,88,78,90,93,80,121,143,111,123
NELFB,228,267,196,164,201,238,289,280,145,276
BAD,139,183,169,154,148,154,207,278,212,219
NECTIN2,150,127,128,143,155,110,107,97,104,102
ZBTB24,270,350,259,280,314,388,384,316,279,442
CARD8,322,365,285,268,390,532,442,413,310,505
ARHGEF6,553,900,754,633,1065,394,1036,1072,701,1069
NUMA1,254,317,306,238,248,327,365,461,303,349
DCAF11,392,209,214,254,352,467,282,329,349,460
EIF4G1,1107,804,857,603,698,755,643,585,517,445
FAM173A,247,291,253,178,188,311,405,596,339,284
ATP23,121,138,115,145,120,193,218,153,166,135
HLA-DRB4,528,230,115,901,1168,725,218,113,1173,1282
FAM118A,405,785,185,354,349,465,963,185,257,238
KHDRBS1,3800,4212,3611,3603,2701,4106,3903,2631,2618,2408
SNRPG,5831,5994,5331,5643,4668,4850,4975,3575,4111,3669
NDUFV2,912,1239,1102,1083,1118,1835,1921,1513,1373,1350
GJA4,157,122,114,142,215,112,99,104,112,94
HDDC2,643,770,745,619,710,919,1454,974,1119,926
VWA5A,155,203,196,170,196,124,142,213,127,203
HBP1,433,417,326,437,333,369,304,296,342,240
APOBEC3G,410,785,878,725,817,572,738,472,709,553
ADAP1,295,189,187,271,107,104,142,154,138,101
MTERF3,1051,976,821,860,559,864,707,542,627,491
RHEBL1,211,201,149,177,195,162,141,127,153,142
MCUB,284,575,875,674,340,371,808,1747,788,473
RAB31,486,727,708,633,851,466,499,608,516,551
FCRLA,100,217,138,127,283,81,153,101,82,106
IL6ST,243,288,359,367,465,460,548,375,492,793
SCO1,651,764,745,760,563,520,605,544,556,386
ZC3H12A,428,306,323,272,390,412,244,171,196,235
STAT5B,238,190,281,146,172,131,144,160,138,133
NUP88,1058,1403,1204,1275,958,703,1059,1057,870,879
PADI4,125,163,130,138,128,141,250,204,163,178
B4GALT5,839,796,1182,814,576,1004,594,549,718,366
PSME2,2987,3720,4451,4676,4644,2573,3250,2433,3423,3356
CRIP2,89,92,119,124,106,145,149,101,238,111
ALDH9A1,736,807,1510,828,1043,731,1080,2442,1133,1298
ASAP1,1609,1152,672,848,1441,842,842,354,672,1629
PWP1,688,731,978,959,869,635,569,580,743,809
EED,728,591,555,607,566,427,439,229,432,458
PTPMT1,230,382,654,337,286,269,461,832,493,379
TMEM30A,470,483,432,450,307,870,486,516,710,616
ELOF1,237,229,225,228,306,272,277,360,313,357
FZD2,215,178,189,154,181,114,124,181,132,157
LRRFIP2,808,527,391,570,558,610,374,287,408,534
MRPL36,1154,1369,1353,1072,731,1333,2079,1881,1578,1315
RPL4,3314,3326,4002,3290,2388,4164,4532,5107,5425,3233
TARS,1538,1253,550,1455,1333,1072,975,319,892,1254
NUP205,588,1034,1064,1056,979,755,858,737,757,830
KIF13B,386,390,367,321,440,282,320,245,268,348
SLC25A28,1100,1126,1117,1142,1588,1205,824,857,709,818
PNPLA8,290,292,243,286,194,292,162,209,240,209
CD274,99,103,156,156,123,84,90,96,84,95
MANBA,249,276,288,270,302,216,358,392,377,437
RAB22A,267,356,382,289,243,395,424,464,358,265
ACCS,116,124,126,180,137,162,173,226,226,161
HMBS,205,208,266,206,226,229,291,285,284,380
LSP1,322,245,354,348,474,487,509,476,408,432
MFSD3,106,112,153,109,118,112,153,233,148,163
CD2BP2,1844,1838,1456,1562,2047,1202,1538,1276,1346,1426
AP1S2,719,1181,830,991,857,916,1294,1170,1302,991
ATP11C,344,524,421,356,406,358,353,228,264,297
EGLN2,4200,3213,3219,2657,2641,2832,2354,2481,2034,2336
HIBADH,140,146,176,159,132,125,199,270,207,183
PCYOX1,123,106,125,147,169,162,168,171,217,226
FERMT2,228,186,141,173,155,150,115,95,138,126
GALR2,118,127,101,132,149,93,100,90,99,92
UCHL1,319,379,299,381,439,201,341,157,278,420
FDPS,1780,1036,697,948,1069,2412,1413,872,1653,1368
BM997836,173,181,224,156,280,220,244,267,247,316
FBXL18,135,158,165,134,154,187,180,250,210,216
ASNS,335,363,383,559,280,277,266,292,240,258
THOC7,449,1402,1881,1038,928,814,1975,2208,1153,1415
TSEN54,111,161,180,133,126,112,183,297,147,182
POLD2,261,223,316,203,231,315,305,382,362,315
NDEL1,165,141,166,148,164,120,120,144,120,131
LRP5L,587,178,187,158,209,743,238,328,244,255
TBL1XR1,109,141,163,180,141,120,193,179,235,233
VPS26B,112,161,146,98,116,116,159,213,133,161
AP1M1,1415,2477,2299,1997,2443,1108,1637,1686,1841,1792
DA196996,167,147,167,120,168,122,108,127,130,118
MORC2,125,124,142,128,155,175,162,183,156,184
FBXL5,185,194,269,254,167,237,265,276,304,193
LONP2,103,108,123,115,148,113,157,139,162,221
TDG,1480,927,756,886,1024,910,680,558,584,839
TRAPPC12,368,281,232,223,375,459,383,378,324,415
MAST3,234,143,142,189,179,337,275,239,217,244
GATS,120,151,135,124,210,194,179,184,136,347
IMPDH2,1113,791,875,885,545,1391,1221,1136,1191,916
ZBTB20,189,200,165,183,265,261,223,226,257,348
IL10RB,1001,1132,1275,1004,1540,1416,1441,2923,1541,2152
CSNK2A1,382,358,409,405,353,275,297,280,296,261
ACAP1,110,161,185,154,169,199,219,333,169,232
LGALS9,293,332,510,358,431,276,274,242,263,241
ANKRD11,1661,984,799,718,892,1754,1213,1314,700,1168
FAM213A,9964,5387,5280,6528,12320,9216,6686,8878,8087,14651
ISCU,3344,4532,2960,2627,3899,4547,5437,3407,3927,4764
HERC2,96,131,143,143,128,120,144,191,178,183
SLC25A13,371,295,289,303,196,321,259,199,217,208
SDHAP2,639,361,392,273,416,921,440,694,313,532
NEDD8,2730,4256,4605,3720,3669,3650,5691,6244,4922,5058
LANCL1,351,624,728,467,479,650,756,934,649,651
PPM1J,92,95,94,110,87,140,104,128,139,116
SLC25A19,718,652,643,936,730,735,891,1310,1120,976
POLB,1057,1585,1283,1696,1348,1946,1832,2086,1496,1643
LCE5A,208,135,118,113,145,115,91,94,108,99
SLC38A2,1140,1670,1168,1179,1466,1276,1602,1689,1469,1701
CTSW,100,110,160,121,108,102,144,217,170,149
MIEF1,214,227,262,235,259,230,315,374,319,321
CRYAA,199,171,153,140,126,158,128,112,98,108
IKZF1,410,366,540,449,342,244,302,361,338,201
DCUN1D3,630,320,300,253,232,289,169,263,153,221
RANGAP1,1275,1405,1065,1113,1452,1154,994,772,835,938
ZNF33A,165,184,208,188,251,256,222,220,259,294
XRN1,834,882,1039,792,755,808,782,614,551,499
TMEM110,95,125,108,224,116,85,103,82,125,85
MFNG,263,244,267,272,216,229,384,383,357,344
HLA-H,10575,16503,13189,17812,21248,8403,14811,10529,12157,14428
KLHL42,114,150,156,141,187,149,204,226,191,218
TRMT11,263,313,240,378,381,457,329,226,425,461
CDC26,1585,1626,1719,1239,1015,1168,1420,1243,965,1048
PARP3,135,179,217,164,188,176,288,275,231,243
MED19,738,609,529,525,493,538,443,389,339,388
BTLA,90,100,113,98,154,101,135,113,136,272
ACKR1,113,85,86,125,126,83,83,87,111,83
NR1H2,260,278,277,242,213,183,202,194,192,160
FAM45A,214,327,333,258,213,239,350,422,393,270
HSPD1,4377,5113,3189,4904,3131,3478,3344,2930,3228,2839
MED16,813,1010,1047,601,968,694,714,823,500,840
MRPL50,978,935,670,747,654,771,707,515,551,490
PNPO,615,911,966,556,349,833,1378,1204,791,500
PRDM4,668,1010,1075,755,948,541,699,766,603,779
COX5B,1863,2760,3044,2111,1828,1474,2861,3950,3094,2316
JADE2,313,377,350,212,359,281,337,259,245,255
STAU1,1712,1924,1709,1800,1872,1544,1486,1329,1206,1218
ZBED6CL,159,188,168,161,174,180,237,299,178,227
LRRC37B,202,244,256,216,214,285,308,389,248,292
MRPS26,105,113,169,117,118,97,159,224,170,137
TMUB2,1028,798,560,785,973,830,589,523,499,735
SH3BP4,222,197,166,163,140,283,213,257,226,194
APH1A,378,497,496,584,753,362,367,335,437,445
CEPT1,256,289,259,292,310,391,360,297,442,405
CB159370,854,542,354,381,536,693,461,287,365,396
ZNF252P,105,150,233,126,136,142,236,418,145,184
MGAT2,1040,929,1170,829,817,706,686,768,586,670
HIST1H4J,299,155,176,178,131,383,147,129,130,130
CTSS,204,347,206,286,324,238,436,294,440,387
PEX5,455,460,666,465,433,435,622,1265,607,659
IRF5,480,548,214,632,896,742,580,256,941,1036
MRPL55,182,181,198,166,193,208,246,256,255,198
CUL4B,160,269,265,244,263,179,194,194,196,265
INIP,9156,4748,4106,6340,12045,10529,5670,8572,5912,12320
ATIC,638,849,786,591,810,844,1135,1063,994,1256
NEIL2,370,265,239,174,170,201,203,177,170,154
PDXP,1309,1274,1135,1106,719,1310,2000,1534,2060,1192
PAQR7,120,103,94,115,100,153,140,128,132,141
IFNAR1,254,280,247,206,235,234,296,461,334,358
POLE,121,117,127,116,135,158,163,204,172,158
CDKN2D,263,254,291,311,218,404,356,264,521,208
VPS41,986,439,409,670,1182,959,504,905,839,1285
SUPT5H,366,275,296,238,392,493,400,384,303,474
CHD1L,124,183,217,177,217,165,218,281,247,385
RNY5,344,200,136,140,185,240,165,117,120,137
VAV1,172,157,173,147,157,173,212,269,218,192
PPP3R1,646,495,457,500,750,709,658,601,676,1096
TOP1,280,291,216,316,289,221,214,209,199,366
AMY2B,160,122,126,114,131,170,147,179,142,177
TMEM123,716,879,1747,1324,867,868,1187,1633,1720,916
TMBIM6,2152,1968,2553,1951,2886,2683,2903,3233,2589,4363
COBL,188,136,154,222,164,286,221,167,257,192
CHIC2,971,884,648,921,681,668,655,669,593,517
KDM6A,290,312,255,298,419,220,232,176,217,286
STK19,509,411,383,351,419,473,304,298,262,365
MOV10,276,280,284,213,453,229,214,164,179,208
YBEY,137,159,147,128,116,151,193,185,197,145
ST3GAL4,168,267,197,220,232,163,171,126,156,163
PCGF5,154,154,145,157,143,138,114,108,124,108
WDR66,100,102,111,95,129,138,138,144,123,125
GTPBP4,3407,2819,2101,2257,1847,2447,2335,1289,1674,1539
TOPBP1,582,700,441,514,531,727,790,588,516,716
SECISBP2,531,376,375,353,483,512,392,507,340,508
SSR1,1024,1903,1583,1837,1569,1178,1419,908,1174,955
POMT1,121,102,142,101,140,155,163,268,126,212
NQO2,141,161,364,121,178,218,179,477,139,290
TRAPPC1,278,444,428,288,297,339,516,538,393,400
PNISR,823,718,626,752,742,1318,1203,832,1000,838
PSMD10,173,240,287,394,177,131,195,178,289,148
HSH2D,490,437,607,458,1047,392,341,297,363,565
LEP,1132,457,349,604,1051,1270,497,814,637,1152
ZNF398,168,141,166,138,142,192,185,214,176,209
RPS6KB2,1520,1228,1022,896,1327,1720,1553,1655,1218,1912
NPTX2,135,171,316,189,172,106,134,157,128,118
HECTD4,206,305,259,217,294,331,383,350,250,445
NOTCH4,95,102,89,94,89,181,127,96,158,113
BAIAP2L1,414,442,256,267,277,479,332,110,206,156
MX1,16732,17510,17889,18408,20855,13285,13959,10144,12117,14034
TINF2,1308,1377,1436,1036,1114,1161,1075,971,898,835
TRAF1,334,214,156,172,253,307,193,120,126,159
SEMA4C,145,170,136,144,232,255,161,145,196,213
ACTR1B,255,269,374,260,252,412,275,423,350,271
NCAPD2,147,167,158,186,237,172,225,201,258,380
RDH13,100,94,103,111,142,136,130,155,139,166
PTPN12,107,144,157,120,138,186,191,202,176,176
PRPF40A,114,119,155,168,166,108,115,107,137,132
PSMG1,117,176,243,197,170,179,245,247,237,212
IRF3,197,224,183,185,194,211,262,250,276,267
VPS37A,772,750,649,633,610,553,546,379,482,347
MED14,192,236,200,184,185,258,275,250,221,258
CREB3L2,364,614,586,596,689,552,802,1107,781,967
HENMT1,269,398,431,336,467,291,476,689,535,625
GHDC,138,177,137,134,132,138,208,239,184,182
SLC35C2,142,153,164,165,188,214,196,221,233,268
ARPC4,779,908,1218,862,681,940,1295,1440,1159,922
PLCL2,252,421,272,220,319,317,419,412,249,366
HLA-DMA,7859,9445,5917,5296,6686,9247,10615,8990,7732,8960
KSR1,167,148,104,115,153,162,110,107,88,124
RAD51AP1,270,284,193,232,194,254,229,157,173,169
CD72,94,101,91,88,103,111,112,131,127,132
LOC374443,376,305,165,174,175,174,161,112,124,130
XIRP1,148,148,122,126,230,156,110,85,97,144
TMEM175,308,350,261,231,333,363,444,548,406,414
SLTM,431,532,471,456,532,500,691,707,585,632
SGK223,562,449,719,481,349,546,646,1274,671,605
TMEM69,1515,676,680,647,940,1341,793,913,692,1075
FAM110A,160,154,169,162,161,240,216,255,201,175
SYNJ2BP,159,115,147,174,261,202,145,232,213,305
SEC61A1,2651,3106,2991,2816,3872,2228,2101,2556,2006,3064
SNHG6,4525,3545,3619,2907,2770,4955,4757,4807,4256,3794
SHPK,257,279,364,263,225,443,353,601,348,351
LAMP1,3075,3597,2419,2498,3866,4126,5484,3932,3939,4863
CHRNB1,330,269,361,280,249,312,206,209,240,187
PARN,141,195,245,194,202,181,261,272,262,264
SLC15A4,4624,5859,4270,6868,6423,8910,7859,5360,7895,7577
FHL1,133,208,227,182,192,178,258,339,259,225
NOL7,2933,3603,3170,3189,2621,1944,3204,2364,2594,2157
TAOK3,439,482,370,466,525,300,348,323,348,380
KIAA0196,199,318,347,321,448,240,441,378,430,539
TNFRSF14,837,1087,1103,698,1072,1665,1417,2012,1330,1436
BARD1,209,322,258,397,414,240,225,201,245,297
IRF2,165,244,194,250,265,138,182,132,204,197
PKD1,98,99,113,99,116,143,133,147,125,119
FOXD4,289,137,212,176,148,129,107,133,132,131
LEPROTL1,149,323,357,302,279,206,405,591,596,356
FAM216A,127,128,174,170,117,171,172,277,253,127
PKIA,178,143,161,158,116,168,120,118,113,112
DNAJC13,334,419,442,359,400,295,300,345,298,262
UROS,457,475,559,397,429,466,613,1016,626,514
BX951899,188,211,148,191,179,153,134,120,140,169
NPEPL1,229,175,180,180,201,270,205,250,200,242
TMEM2,144,148,149,154,152,116,111,109,120,105
SENP7,262,342,273,267,316,385,379,365,330,325
MYLIP,2245,2306,1800,1447,1719,1359,1344,897,683,1357
CD58,469,614,483,532,579,328,428,277,416,397
CCDC88A,132,201,197,159,190,233,254,262,202,284
PLAA,443,442,310,361,418,438,312,229,279,332
RPL36AL,7821,8878,11631,10683,10877,5305,7982,8805,8221,6893
TMEM43,703,1008,1401,1130,1104,825,814,1119,879,802
MT1A,101,95,310,131,138,93,91,155,121,97
BCAP31,1148,1433,1670,1313,1617,1241,2005,1917,1558,2308
TRAPPC3,512,555,628,511,632,458,681,743,751,766
SPDL1,145,229,177,263,222,136,183,156,182,166
SLC25A42,223,205,187,196,174,262,309,387,238,234
ATG16L2,135,118,122,115,127,163,156,164,118,167
PPID,288,256,299,231,314,191,198,215,290,391
ABCB10,387,538,516,374,459,613,783,513,453,619
MFSD12,270,389,350,309,528,237,270,262,242,297
S100A13,266,313,365,224,254,184,254,249,199,177
PGAP2,234,248,204,196,211,283,290,266,241,292
ZNF165,343,228,161,231,184,230,190,162,170,143
PMS2P4,477,378,318,274,383,497,511,511,386,506
DENND4A,450,553,353,407,442,414,347,201,240,330
SRRM2,3177,1995,1695,1802,2048,2898,2031,2734,1691,2666
NADK,228,265,288,209,263,334,375,344,401,351
CIRBP,3626,3711,4232,2903,4807,2742,2916,2777,2242,3830
SDF2,871,843,601,801,668,783,788,599,580,578
HIST1H2BJ,152,100,117,144,186,133,104,108,105,120
ZDHHC5,643,539,542,634,709,506,419,384,503,475
SGSH,109,108,108,93,131,144,137,149,120,170
PSMD8,725,793,753,934,976,371,593,590,858,705
ARSA,339,220,261,238,231,369,355,313,270,319
SBF2,196,177,163,186,131,131,116,141,137,132
MAP3K7CL,244,130,148,126,154,291,154,198,171,246
ZNF83,107,122,154,126,141,168,170,174,128,167
ELP3,387,587,455,421,396,442,912,562,535,590
DHDDS,329,315,216,248,444,280,236,179,209,298
PI4KA,175,220,185,357,157,225,268,247,423,153
TAPBPL,169,279,261,220,271,251,396,384,349,273
NTHL1,107,126,111,131,123,143,173,219,165,145
OSGEP,114,200,268,222,281,140,265,458,296,320
SCAPER,261,258,237,227,274,207,193,179,181,217
PRDM1,153,210,118,170,238,127,136,121,112,171
CLK4,112,180,163,161,165,217,224,200,221,212
TOMM22,374,454,484,409,507,421,606,552,606,643
RER1,111,175,127,122,119,116,139,195,163,174
HSPB1,8468,6377,3597,5620,5506,6648,5296,3119,4212,3394
COMMD7,133,357,875,253,769,230,476,1077,318,1059
AK123101,730,485,305,612,436,600,387,348,363,291
POFUT1,5823,2719,2484,2953,4630,7074,2577,3939,2715,6224
URB1,172,208,197,239,197,177,148,146,167,140
BTBD2,350,439,524,300,321,411,585,1097,436,467
MRPL24,211,190,272,238,199,212,281,345,289,187
PTDSS1,451,436,580,549,455,407,606,816,725,580
ALDH16A1,111,178,118,117,147,169,158,156,139,165
CLDN23,89,111,108,128,100,100,161,162,144,137
TMEM208,745,568,579,498,510,515,426,368,451,396
CAPZB,610,402,345,268,506,704,536,582,327,484
ICE1,320,319,283,220,232,308,292,195,174,212
CPOX,101,132,182,132,168,109,175,236,177,201
USP49,2313,966,965,1280,2603,3250,1122,1705,1398,3103
PGAP3,116,116,110,131,159,115,170,155,131,168
NACAD,201,171,122,121,165,150,126,102,124,104
LAMP3,2973,3872,4219,3389,4801,3356,2641,1714,2907,3086
AK129699,992,225,217,302,666,881,210,402,212,583
SRP68,349,536,767,459,581,290,402,462,347,464
PAPD4,895,824,971,985,841,1123,827,672,606,637
TP53INP1,126,212,140,140,239,134,220,187,177,345
NDUFS8,1570,2318,1993,1193,1291,2091,2876,2349,1837,1915
MRPL17,1407,1604,1675,1664,1456,1205,1367,994,1510,1046
RNF126,314,349,284,303,326,372,353,455,418,439
GMPS,176,184,289,323,191,181,254,264,264,216
CMTM6,1466,1333,1644,1590,1308,824,1229,829,1142,1102
PIM1,408,493,499,355,425,251,365,373,197,319
EFCAB14,444,516,631,505,526,564,687,784,735,626
PPP1R14A,436,418,591,261,254,252,314,482,210,345
CSF2RA,8960,4445,3738,3521,5841,8274,4514,6098,4532,5912
LY9,116,99,96,105,88,98,108,165,151,131
PPP2R3C,1016,1290,790,1047,1010,918,1008,477,700,764
DYNLL1,452,848,1455,960,783,378,1128,1617,1246,902
BLNK,132,124,126,137,189,131,203,146,198,175
ITPK1-AS1,4431,2244,1826,2339,4150,4377,2388,3109,2930,3563
TTLL12,118,147,143,137,143,151,188,233,190,235
ALKBH2,112,120,119,112,148,126,145,162,167,158
S100A6,1901,2948,4322,2798,3219,3164,3920,6124,4015,3645
RPL17,6775,6622,8427,7859,5725,8533,8646,9532,11444,9006
CBWD3,168,176,253,175,131,131,116,142,169,120
CLEC4C,257,376,364,584,299,483,698,348,1007,352
MILR1,122,127,141,155,131,121,172,257,261,174
FLJ42627,161,176,169,180,136,251,191,225,328,183
FAM98A,500,649,490,479,645,675,665,509,521,797
STAT6,586,588,596,713,701,448,407,345,486,451
NUS1,335,204,168,230,153,209,153,150,182,131
UBQLN4,1270,1012,1050,801,1064,1177,790,749,764,1080
FAM96A,326,515,676,623,401,436,911,684,913,452
GPR132,583,562,422,437,892,423,475,162,370,495
FLNB,308,628,1308,785,765,565,1012,1664,1058,1016
NSMF,1479,2531,3575,2134,2719,2723,3361,6260,2603,4025
THRAP3,304,287,262,248,344,219,228,185,216,200
TOP1MT,126,154,171,156,157,212,207,253,194,160
EHBP1,142,169,203,190,138,224,195,286,224,188
RPS3A,5175,6458,6775,6622,4588,8572,8805,8615,8274,7160
PCED1B,162,168,148,146,183,160,213,295,215,270
CEBPG,890,675,651,587,539,744,530,423,490,440
KDM3A,990,844,627,876,687,898,636,593,675,598
UBR2,519,579,410,598,585,644,438,341,437,415
SLC18B1,380,766,963,669,696,378,578,737,525,516
AHCY,471,396,487,523,432,525,696,625,937,612
LOC728743,95,107,116,122,108,123,128,249,144,146
SSH1,112,122,139,169,145,155,184,160,323,198
HAX1,229,265,271,340,234,215,199,171,248,180
SGSM2,678,626,665,522,577,1044,743,1324,580,829
S100PBP,261,297,274,279,222,283,363,478,330,367
TMEM223,116,126,155,117,120,122,172,190,160,150
MOB3C,979,909,568,717,1376,1357,686,442,588,919
NUP188,492,409,347,321,301,299,262,259,278,258
SNHG5,4002,4241,2283,5452,5156,4709,5620,2252,5948,6167
QRFPR,1444,845,687,712,1129,1486,796,1119,879,1394
NUCB1,1811,2995,2828,2295,2393,2916,3449,3963,3003,3170
TIMM23,380,527,485,487,457,424,366,304,338,488
TOR1AIP2,281,212,180,221,224,238,167,114,152,170
HSPA8,7309,9421,5846,11205,13358,5922,7118,5846,9106,8805
VDAC1,2663,2213,2889,2632,1769,2756,2091,1787,1989,1691
ITGB8,117,88,111,127,118,81,88,82,100,97
TIGD5,176,183,188,219,148,178,254,250,242,156
NIT2,169,181,228,170,185,152,204,247,239,253
BLMH,227,249,324,331,393,277,233,263,222,245
DMXL2,118,111,104,108,139,147,149,114,152,138
IDI1,798,610,603,707,571,1368,807,571,1111,782
LASP1,1857,2886,2447,1905,3094,2070,3237,4692,2913,3825
PFN1,10358,15758,14428,11662,14345,18027,20222,20583,18027,18974
BET1,263,278,323,425,260,190,210,178,259,237
ARMCX6,242,265,413,340,253,179,200,266,229,190
KIFC2,225,129,175,144,155,222,177,224,164,206
OSBPL3,120,129,184,151,141,187,186,248,176,148
RBBP9,134,225,247,215,162,285,325,346,269,260
CACYBP,393,466,531,966,373,222,353,364,753,281
SERINC3,321,366,369,425,600,349,471,487,666,647
KBTBD2,920,783,633,794,838,905,594,528,606,601
SAMD8,266,220,218,181,155,215,174,135,165,136
TMEM39A,204,168,202,202,191,178,142,151,153,163
ZDHHC7,740,589,666,577,772,677,880,1079,706,939
ADCY3,2698,1512,1186,983,1057,3311,1929,1567,1437,1533
TOB1,194,193,248,225,167,198,256,375,266,192
CADM1,151,170,126,114,149,106,125,107,112,124
TBC1D22A,315,208,342,233,199,512,289,395,308,249
SGSM3,175,166,195,166,169,294,210,256,185,223
GPRC5C,238,220,339,251,196,314,223,325,333,307
SLC35F2,93,103,115,105,131,132,155,138,135,155
PIN1,789,1163,1223,892,994,1186,1513,1378,1313,1206
FXYD2,310,172,632,166,163,639,227,1005,222,219
INTS7,236,240,167,179,336,180,179,152,177,242
REXO2,500,592,573,652,521,705,732,787,765,757
PRKRIP1,352,321,307,261,291,530,291,428,219,405
SDF2L1,2081,1703,2318,1474,1199,1147,1362,1511,1280,1290
CBLL1,700,874,655,704,661,617,683,530,502,505
DUSP19,2216,1620,1266,1620,1881,2427,1227,1177,1130,1665
SNRPB2,732,665,799,1001,680,419,553,554,845,636
TFG,1929,2091,1007,1265,1262,2093,1660,648,688,959
RBM45,133,315,295,206,337,181,269,223,209,312
NUSAP1,131,124,130,168,136,173,173,128,201,184
HP1BP3,185,150,186,165,188,140,128,169,132,209
NFKBIB,341,330,183,246,219,210,245,145,187,152
MTAP,116,151,154,124,134,164,176,200,159,187
PNO1,408,311,225,320,236,386,266,182,236,204
TYW3,90,134,181,327,218,189,239,165,499,313
SAMM50,258,332,371,291,265,283,384,499,399,336
MGRN1,145,156,161,138,143,192,200,193,153,134
ZNF79,203,150,121,139,149,164,113,110,106,133
DTWD2,1985,797,773,1350,2999,2340,874,1779,1464,3525
CCDC130,1957,1024,854,754,1726,1743,904,1350,657,1766
AMT,117,112,108,122,131,155,135,189,127,182
KMO,246,208,157,179,213,276,274,205,271,291
PI15,171,144,119,115,149,108,109,131,109,124
IL18R1,536,678,796,761,640,1146,781,894,1177,721
MRPS28,532,543,546,533,412,405,621,366,540,317
HIST1H2AC,180,153,159,177,197,187,150,115,134,134
SLC44A2,1171,1870,1865,1821,1789,1181,1489,1382,1455,1088
PPP2CA,853,809,792,800,701,670,615,563,601,607
RBM28,277,214,205,201,229,259,162,147,192,157
TMEM136,226,394,278,161,251,284,294,176,145,190
OGFR,240,239,240,167,228,243,181,252,145,152
TMEM53,94,101,101,120,119,107,135,124,153,134
LPAR1,293,167,145,420,311,386,236,210,443,393
CD68,1831,1048,964,1358,2132,1789,1572,1401,1958,2816
HAUS5,89,91,92,101,99,98,124,122,107,127
SRF,579,723,551,548,607,536,763,891,667,763
LYSMD2,1231,1147,2573,1629,627,502,1621,3245,1651,1100
VPS16,358,353,371,381,626,380,477,579,489,764
RHBDL2,776,339,310,528,788,698,332,401,369,932
TMEM141,292,410,413,439,254,450,539,646,544,343
SLC44A1,136,188,256,213,193,138,254,326,364,246
MKRN2,492,502,458,454,526,393,396,373,314,347
IL18,13650,7207,7327,8910,15129,11726,8665,12683,10358,17510
TNPO1,283,374,414,392,364,209,284,228,379,315
SMAD3,119,133,269,186,135,135,178,436,215,172
CEP128,115,174,188,164,170,140,178,235,240,224
SPRYD4,171,189,235,209,144,140,136,144,175,147
NARF,876,611,553,433,594,1112,719,892,648,782
DPYSL2,4823,5568,5097,3915,6662,7462,6702,5025,6005,7178
JMJD8,432,499,758,384,438,440,576,839,497,740
SGPL1,122,163,183,173,143,99,124,127,135,124
TPM3P9,176,191,257,287,240,162,182,200,212,152
CD81,2742,3144,4668,3050,2295,2415,2054,4280,2320,1699
DOPEY2,852,445,514,518,699,681,516,690,628,884
RPN1,2967,3090,3053,2967,3337,2425,2181,2195,2322,3262
SETMAR,317,398,347,359,365,195,301,273,242,310
RPL23,6177,6754,6943,7309,6354,7732,8878,8784,11505,8878
ARV1,121,160,185,198,171,161,236,241,220,224
ATP5A1,1419,2521,3131,2939,2316,2213,3314,3830,3915,3075
BTG1,7250,9473,7699,7630,10228,12720,10118,5670,8376,10529
SLC48A1,209,130,142,122,133,327,175,143,158,316
TIPIN,97,155,179,159,143,99,118,107,141,119
SELPLG,109,127,109,124,117,119,151,159,196,154
CDC7,126,179,142,145,142,189,211,156,158,186
SAMD4B,182,114,131,187,217,181,125,116,139,195
APMAP,246,206,220,168,190,271,203,402,281,254
ASB8,168,194,187,234,272,236,225,255,310,347
C21orf2,221,174,150,175,159,264,228,262,203,208
BCL6,1917,546,483,467,294,1515,330,683,368,309
CD27-AS1,247,192,207,223,202,325,259,295,272,237
TRIM5,440,331,343,373,267,415,267,165,261,204
STX17,203,205,177,188,188,155,161,143,138,140
ATP6V1B2,2187,1905,1620,2433,2410,2498,1422,1185,1667,2070
FAM50A,2459,2585,1588,1340,1784,2691,2405,2128,1954,2342
CSRNP2,221,267,240,194,202,166,168,174,150,170
LYRM1,754,655,798,619,749,510,571,588,465,685
RPS9,3434,4092,5751,4025,3465,3022,5331,7390,5156,5280
IRF9,4092,3473,3535,3449,4010,2963,2694,2201,2267,3094
RPL13P5,821,650,764,892,679,769,756,1121,1261,1002
MIR181A2HG,153,136,139,126,166,183,143,260,138,198
LRCH4,444,373,448,342,297,505,490,738,447,436
RPL11,14034,18711,17621,13870,10370,18453,20301,16835,18408,15708
GPR1,980,501,455,578,1033,1179,575,641,758,1754
TSPAN13,4171,7286,5812,6737,5986,6903,4716,3399,4565,3453
RBM5,1572,1106,1013,966,1712,1663,1156,1450,728,1848
LONRF1,103,103,110,131,121,149,145,114,144,158
COX6B1,1516,2025,2871,2528,1900,1657,2655,2916,2991,2574
PNPT1,4975,2298,2185,2982,6077,5766,2615,3910,3910,6528
LYPLA2,237,221,182,166,263,169,181,164,155,187
RELB,675,866,576,719,1004,974,994,531,923,943
MAP2K2,508,305,292,267,448,424,400,395,289,415
STX5,375,238,300,317,348,261,202,242,227,245
RMI1,266,343,248,251,219,329,397,403,252,246
CTSD,170,159,162,139,169,154,222,448,212,178
IER3IP1,228,373,356,397,211,251,274,261,302,271
ARSB,209,358,417,321,383,208,469,493,385,514
RPL35A,6158,6136,9198,7772,5437,6199,8067,9473,9247,6622
ITGAX,89,102,104,98,106,98,120,161,133,136
BMF,270,290,358,318,391,335,366,615,480,417
LAPTM4B,98,145,120,99,141,126,158,191,127,227
CPNE3,354,687,837,684,462,579,896,1199,1058,709
ARL9,114,121,91,109,120,78,106,86,87,87
IL2RA,166,163,162,126,132,128,110,124,137,114
ATP6V0A1,2298,1173,571,946,1112,2076,1548,1124,1237,1455
C21orf91,186,196,177,293,177,160,142,124,144,118
MAP4K3,227,158,157,182,193,138,151,127,139,191
HIST1H2BK,460,253,217,337,462,309,289,257,193,237
COX7B,1067,1360,1544,1767,1237,845,1268,1039,1523,984
METTL23,224,284,269,314,219,252,353,352,388,209
PPP1R2,328,386,382,385,430,446,449,504,511,533
TNPO3,839,576,371,458,882,539,367,274,440,634
TRAPPC11,567,708,645,658,612,858,773,855,844,823
TMEM41A,444,196,188,183,194,138,150,148,154,137
NLRP2,241,297,229,143,290,293,416,315,157,321
CSK,707,956,1060,787,585,1030,1390,1657,1025,910
FBXO31,255,264,323,303,261,346,331,413,402,284
LLGL1,165,197,212,153,139,217,216,271,190,155
DNMT3B,206,169,156,226,158,129,122,130,132,109
NUCB2,181,318,353,300,254,296,470,422,345,393
DDX46,188,206,223,204,195,195,268,327,330,232
ARHGAP30,161,222,209,209,254,273,266,230,301,320
STRIP1,272,247,219,229,237,213,181,176,170,200
RRM2B,130,138,126,154,146,216,204,167,169,181
HES6,247,136,103,115,125,240,163,347,138,120
SLC6A12,196,113,159,157,126,120,101,121,122,119
MAP3K6,141,128,146,124,140,215,160,185,154,183
MAPK1,498,661,646,627,563,506,480,523,398,466
DHPS,735,731,809,645,568,1028,955,1027,903,735
FAM117B,115,115,149,133,100,112,151,184,159,127
SLC1A3,115,104,117,146,121,89,87,89,118,109
ALKBH6,444,417,269,234,337,472,401,440,371,459
EVI5L,171,196,329,165,174,179,238,807,209,228
NXT1,916,998,801,748,733,1093,1099,1047,942,903
A4GALT,90,90,138,110,89,147,112,203,118,103
RCAN3,170,234,170,185,164,105,135,130,147,104
PSMD2,677,663,760,739,902,523,635,566,558,851
CAMK2G,91,112,123,141,144,102,147,268,161,163
PAK1IP1,358,341,199,313,329,258,252,207,228,252
CHTOP,852,788,793,702,781,659,615,603,489,577
SLC25A6,2121,1429,1886,1160,1132,2081,1868,2096,1702,1777
FTH1P3,3445,3738,2469,3781,2973,3072,2637,1237,2208,4296
GBP1P1,109,124,131,201,164,90,110,92,100,106
UGP2,258,434,404,388,227,297,345,293,399,187
ORC5,131,243,213,228,262,219,328,283,298,385
EML3,489,403,394,346,401,513,524,762,422,624
HSP90AA1,15182,19835,9123,17889,14969,15329,12157,7107,11631,10497
SLC25A39,343,459,868,396,399,543,465,988,464,521
COPG1,555,527,401,407,725,473,403,370,335,697
GBE1,1086,570,1090,952,386,984,730,662,988,447
CD82,291,318,369,244,317,369,489,563,414,410
MAP1A,422,491,355,362,549,515,602,551,428,615
JARID2-AS1,143,152,147,140,124,109,121,109,103,117
CMTR1,598,654,630,658,670,567,501,416,363,578
TMEM167A,557,673,511,502,402,570,495,379,391,325
LSM14A,473,514,576,397,496,618,647,793,550,761
GUCA1B,126,106,100,115,105,201,111,138,113,150
NFIL3,443,506,789,502,458,387,385,592,299,379
GGCT,201,214,316,251,220,200,287,257,361,336
LCP1,7948,11767,9295,9364,10851,11920,13498,9198,12215,12470
CRYGS,97,88,94,108,124,126,125,126,123,128
MEX3C,563,929,746,599,545,781,1065,894,669,580
PRKRA,1083,1144,1072,916,657,1251,862,760,822,549
BRCC3,107,109,111,131,136,120,146,125,168,144
DAGLB,456,389,268,341,387,538,388,505,417,538
RAPGEF1,2535,1972,1781,987,1643,3545,2310,3332,1998,2322
PSMB2,2415,2281,2259,2368,2982,1419,1816,1103,1868,2127
SNORD3C,581,231,169,214,195,627,156,164,171,151
NSUN3,264,270,187,229,252,235,201,173,160,193
OSER1,1635,898,823,1077,872,1183,740,634,654,690
RNF44,135,155,138,138,143,160,148,269,192,180
LOC729603,13539,8067,8031,9421,16503,12270,9445,12638,9855,17322
ARPC1B,178,200,257,265,276,196,230,388,350,335
FAM3A,670,610,636,440,435,1049,794,846,607,612
TMEM179B,270,344,435,295,439,267,363,491,453,448
DPM1,1211,1060,1044,887,516,1261,993,802,729,578
DA371742,286,135,151,160,252,332,178,208,174,269
PSD4,150,290,349,240,207,280,386,531,312,253
INSIG2,642,480,567,628,342,819,435,333,470,263
NDUFA4,3072,4605,3633,4048,3581,3407,5232,4730,4904,4341
CTBS,266,297,386,324,259,230,228,235,194,202
DSTN,191,344,448,226,215,246,398,443,256,294
RPSA,4644,5899,7428,7265,4911,5794,9123,7607,10933,7679
PTGES3L-AARSD1,339,212,230,182,288,314,269,300,301,266
GPR171,185,181,163,161,130,133,125,154,120,121
ACTG1,8143,12638,11403,12747,12470,9706,16683,17425,16229,14512
SETBP1,154,206,187,202,247,187,276,232,263,416
ACBD6,88,126,161,138,121,122,137,184,164,168
SNAPC4,401,481,451,422,637,528,587,609,507,751
DCAF6,289,307,252,353,285,222,173,163,322,243
DENND3,98,108,104,96,137,156,135,112,132,145
NTPCR,111,210,190,212,159,190,248,265,248,186
PLEK,8597,10575,6754,8274,11132,13443,12498,6754,9884,11181
TTI1,204,195,152,151,202,182,166,139,150,122
PSMG3,118,126,133,131,145,101,125,216,170,194
FOPNL,994,888,642,735,715,1164,1108,726,738,956
SCAF11,963,1030,1030,951,815,1182,1111,1359,1336,1252
CFLAR,4514,2758,2191,2535,5691,3813,2100,1561,2121,3581
ZAK,210,195,264,197,141,257,243,347,265,212
CCDC125,1747,818,711,910,2098,1562,770,1184,1014,2289
LNPEP,226,376,214,253,526,194,226,162,188,281
SEPHS1,656,422,383,382,410,685,604,534,400,439
DYRK2,202,164,175,187,144,195,215,283,227,244
ZMAT3,3944,2100,1555,1663,2073,4814,2269,2750,1712,2694
ZNF608,133,151,143,166,188,261,175,173,196,247
SNX8,538,390,362,428,269,581,475,786,507,330
HDDC3,96,120,229,131,132,118,197,372,170,168
GLTP,404,492,552,403,323,585,525,579,502,386
PKM,1244,1271,2130,1140,1834,1442,1651,1739,1643,2364
IFI27L1,204,311,480,297,299,204,285,365,222,230
CSNK1A1,218,210,225,289,277,173,164,169,192,212
PGS1,221,217,231,204,226,275,247,317,287,295
PPME1,713,522,384,380,443,433,341,256,289,399
SEC23B,1646,1491,1723,1739,1421,1267,1287,1060,1305,1109
RASGRP2,192,203,169,165,269,194,297,249,235,275
ZNF24,181,199,197,225,193,150,154,118,182,152
CCDC92,296,453,558,403,412,201,318,503,310,317
DMWD,103,138,103,110,129,130,130,226,143,144
RHOA,1730,2450,2402,2333,2028,2484,3619,3028,2803,3195
C19orf70,801,1019,1437,1045,814,735,1322,1383,1480,981
KIF20B,386,381,257,345,408,297,299,271,260,293
VPS18,228,263,180,164,337,174,207,176,168,286
LIN37,172,162,123,141,168,125,127,116,121,153
NDRG2,94,124,115,110,110,120,127,147,160,143
THOC3,113,183,179,133,140,118,204,182,150,229
ZNF622,823,851,842,696,924,531,722,709,595,649
ANXA5,927,691,880,699,829,906,639,639,513,536
CASK,137,164,184,165,153,158,122,129,126,126
DIS3L,320,194,163,147,200,510,252,293,211,251
ATP5H,2387,3126,3669,2601,2101,2502,3866,3619,3361,3374
EIF3L,5097,5538,5289,4823,4451,6868,6610,8113,6485,5714
PAF1,888,656,376,495,578,535,445,446,371,409
CANT1,437,419,417,400,425,323,348,319,332,317
CERS2,293,355,483,416,369,360,400,522,577,479
WDR70,206,272,231,190,285,311,311,253,245,300
ECD,219,221,223,245,182,185,202,170,168,160
ZNF337,185,147,161,176,176,313,184,228,216,297
TRMT10C,390,385,307,364,294,335,306,242,280,264
CTDSPL,88,110,102,90,114,97,133,136,120,165
DNAJB6,752,799,733,1706,878,619,616,429,1193,537
KRT10,696,744,699,609,556,476,696,609,537,522
IKBIP,179,136,173,157,115,120,162,149,121,116
SULT2A1,180,143,138,172,134,134,110,113,103,100
MRPS18A,336,487,503,409,502,259,404,376,380,312
WDR18,704,940,636,605,630,639,939,966,825,735
COBLL1,172,245,199,192,330,232,275,258,196,487
ECHDC1,210,320,265,484,319,253,414,400,525,444
SNORA25,586,432,295,372,423,751,394,237,327,323
UBAC2,601,653,738,731,605,847,719,967,866,655
ENOSF1,168,127,179,158,162,210,201,278,194,221
CA426956,149,118,136,138,116,128,104,105,98,127
ZSWIM8,520,234,217,230,359,451,198,304,253,442
NEMP1,641,512,439,540,418,596,405,351,395,377
PTTG1IP,1351,1829,1798,1476,1667,1784,2223,2429,1949,2160
PBDC1,763,819,726,796,690,639,693,543,589,530
ALDH4A1,188,160,135,153,135,219,165,152,199,220
AGK,155,367,450,283,410,198,284,304,248,283
LOC93622,91,93,106,97,109,123,126,134,131,106
RPS15A,7265,7630,9788,8665,6510,9884,10044,9940,9579,8087
SETD2,368,419,480,422,395,395,543,669,489,545
EVI2A,163,174,166,176,165,152,188,275,216,218
STAP1,495,724,671,791,502,547,600,307,518,394
LINC00173,110,118,116,140,128,146,131,162,153,160
YTHDF2,600,689,690,654,897,439,607,512,532,692
UBIAD1,644,578,409,475,420,372,398,367,348,269
EIF3K,1040,1161,1249,1088,898,1408,1597,1447,1358,1205
FGL2,162,160,198,200,259,153,152,140,154,182
ISOC2,341,336,279,309,308,238,238,203,253,214
UBB,14969,17322,15949,18935,16050,11254,13916,12403,12683,11565
PRMT1,699,877,934,810,666,584,817,626,783,506
SRP72,529,534,509,557,358,441,417,409,396,279
DPF2,736,765,679,599,702,600,690,543,507,504
RLF,717,499,321,439,360,634,368,322,339,312
AKAP8L,344,191,172,151,234,337,148,139,121,272
HMGA1,361,322,415,360,505,601,427,444,467,561
GAA,85,119,95,98,111,110,133,127,96,152
SNX29P2,263,192,154,215,377,308,206,278,243,365
C4orf32,117,164,133,168,204,127,121,132,125,171
AKR1A1,599,952,948,797,703,1030,1113,1255,1010,814
BX098778,301,156,111,173,141,182,119,122,120,113
EVL,631,1079,1901,1153,1271,1207,1394,2819,1491,1588
SETDB2,373,393,292,361,374,482,481,488,445,495
GTPBP1,134,152,146,136,139,146,119,90,108,108
BM703456,202,132,140,131,165,186,131,212,131,181
DYM,285,324,298,349,289,454,386,324,404,320
SPON2,105,91,85,108,94,122,109,119,122,130
RCOR3,187,237,238,222,267,306,285,365,243,343
MAP3K5,166,286,276,182,225,212,370,324,251,292
FAM65B,354,453,865,368,372,276,288,350,300,223
TOR3A,669,470,375,532,890,688,630,533,793,1063
SCARB1,128,126,115,110,126,146,169,215,133,163
RPS4X,1859,2694,3368,2942,3130,2114,3675,3800,4757,4164
ZNF841,258,165,179,202,208,217,156,136,146,202
COPS6,194,167,239,205,258,163,210,270,265,271
TMC8,197,124,140,124,117,219,160,183,135,123
STAT1,2484,6955,7372,4532,7074,5186,7509,5097,5387,7226
HPS3,106,106,111,129,126,115,143,161,153,140
TOX2,135,142,132,121,120,123,197,232,116,171
HMGB1,135,199,208,146,148,161,227,256,180,192
ARMC7,108,143,125,123,153,94,166,153,162,188
ACOX3,240,233,195,204,221,419,260,295,285,263
AKR1D1,17252,11403,10459,11767,16533,16087,11726,15182,11662,20749
UPF1,364,332,269,193,335,247,274,274,165,257
MED7,226,283,300,316,246,186,227,194,236,219
TP53RK,197,214,208,248,303,195,278,276,276,304
BRWD3,245,175,134,195,158,190,136,107,141,115
TRMO,548,474,297,494,551,383,368,245,383,418
EMG1,419,379,475,408,415,281,321,290,345,438
HAT1,773,685,492,589,508,562,502,282,456,406
ELF1,1667,2803,2423,2172,1883,1420,2041,2375,1685,1358
ABHD16A,285,322,330,312,301,229,292,279,231,242
CISD2,194,204,214,270,194,139,158,156,195,210
TMEM181,455,358,314,300,413,483,424,461,370,557
KAT8,251,243,189,194,177,255,246,287,250,240
ERCC5,346,450,422,393,475,475,533,629,544,718
IQGAP1,815,769,916,922,677,641,544,632,661,626
RNASEL,221,337,228,166,196,383,403,284,223,239
LRPPRC,177,183,180,173,172,199,198,236,263,228
GDF15,91,86,84,105,88,117,119,102,114,94
RIOK2,137,272,348,317,301,154,231,234,283,240
DFNA5,144,412,754,180,97,113,139,173,149,136
TRIM26,509,502,360,354,687,402,390,249,207,390
PCBP1,6089,8910,6544,8572,7445,5452,6528,5714,6277,5782
DUSP23,357,375,426,344,283,460,472,629,444,403
BORA,253,297,278,277,281,235,216,216,209,246
GNB2,144,210,214,220,217,168,157,158,169,166
DHX15,4538,4863,4241,4212,3119,3944,3478,3294,3271,2609
PSMB5,1230,1207,973,1067,1324,887,937,769,1137,1300
COQ8A,106,138,133,137,155,110,176,206,175,204
CR738732,128,122,132,124,111,178,160,137,161,143
NBEAL2,145,102,162,128,136,143,169,273,175,186
DKFZP586I1420,257,224,223,279,412,601,289,248,331,490
CTPS1,214,209,227,275,270,202,292,226,374,314
FAM127A,504,396,594,421,250,462,317,395,327,222
ZNF581,420,434,403,274,329,659,625,499,518,504
FXR2,351,317,285,353,378,306,223,227,273,302
YWHAQ,3835,4807,4619,4341,3794,3337,3650,3374,3418,3237
RELL2,276,179,154,176,178,229,252,252,193,212
FBXO30,342,288,205,264,211,495,224,163,185,205
GNG2,76,97,90,81,94,81,123,134,116,89
PPM1A,124,125,178,279,151,95,117,131,154,111
KIAA1147,2265,1957,2308,1231,754,4079,2517,2792,1547,1153
VARS2,123,277,285,178,174,200,267,306,230,213
NIPSNAP1,97,109,134,101,102,115,158,204,131,131
CLUH,185,141,139,176,222,136,146,136,136,155
MRPS22,1023,916,782,1033,759,712,757,472,860,652
ODF2L,100,140,191,173,217,112,114,153,134,154
CCDC53,269,409,529,413,433,358,556,550,531,493
GRN,763,1280,1159,1227,1220,958,1640,1568,1718,1230
SARAF,1808,2920,2538,2701,1816,3131,3698,4055,3262,2946
HNRNPUL2,1100,1196,1285,916,819,856,798,1305,717,859
AIRE,10933,7008,6702,7286,14162,9397,6340,9364,8236,14578
SMS,329,351,653,469,465,318,361,316,444,401
AEN,304,269,168,234,285,305,198,166,209,236
CXCL1,198,128,112,139,97,180,98,103,91,99
NHLRC3,110,170,266,166,205,148,207,354,218,232
C11orf57,372,285,307,354,347,254,270,260,329,350
ZBED1,1568,1747,2632,1728,1696,1804,1862,3326,2510,2220
SUGP2,399,279,316,302,339,402,406,411,326,473
UBE2Q2,276,526,525,341,294,265,357,415,239,226
AP1S1,102,135,179,163,126,127,174,191,188,152
TBC1D17,107,100,105,123,98,135,152,138,104,118
HIVEP3,143,213,181,188,198,234,259,188,241,249
ITGAM,110,118,128,114,133,119,154,152,135,162
SCAMP2,202,215,207,161,191,157,170,148,152,163
ZFYVE1,175,248,208,183,272,156,215,162,128,188
SSRP1,212,281,416,394,301,243,189,234,248,188
LRWD1,354,368,264,314,367,335,455,335,510,542
CDC16,834,1161,1444,1166,1270,1095,1496,2053,1374,1544
MIR21,314,135,112,128,156,268,108,91,102,105
HSF2,244,240,222,229,181,178,169,191,204,178
NAA60,277,271,330,276,370,229,247,207,190,216
ALG6,125,174,152,188,200,164,224,171,231,253
PUDP,106,189,127,144,146,117,258,185,177,195
AFF1,223,206,228,250,289,296,292,285,302,263
TUG1,5156,4328,3434,3786,5064,4270,3374,2999,2939,4357
ADI1,115,117,124,121,139,119,128,162,156,162
CDKN2AIPNL,8221,3453,3503,4668,9139,8427,3990,5986,4126,6910
MYCBP2,669,714,581,692,655,640,586,404,522,500
AATF,559,496,385,356,591,387,403,309,299,516
TMEM218,330,318,320,278,257,408,617,514,349,389
EID2B,3048,1511,1233,1403,2585,2925,1575,1777,1937,1998
NECAP1,521,459,357,439,517,553,486,326,306,358
SRSF10,242,234,256,319,247,148,192,192,258,202
TNPO2,1633,1465,1291,1604,1621,1511,1251,1235,1579,1216
SOX15,150,153,136,141,131,191,181,132,126,210
OSBPL1A,102,94,109,109,117,112,146,141,140,122
ORC2,217,245,187,200,199,276,270,256,193,191
CCDC58,178,151,243,236,200,118,154,156,234,255
SPINK1,158,117,94,101,138,92,111,89,85,91
NBPF10,3150,2130,3012,4415,8274,4036,2865,2747,5521,10615
VASH2,172,182,163,258,226,234,214,144,256,250
NEDD9,112,280,256,222,278,143,271,278,200,178
DLD,519,672,625,712,439,488,525,434,479,551
FURIN,117,115,145,118,133,111,177,203,119,151
PNMA1,106,144,244,148,115,112,138,147,111,111
C14orf93,223,184,179,168,195,287,236,259,191,208
SNAI3,91,115,97,98,98,107,128,126,97,132
PPM1G,2618,2644,1910,2495,2259,2281,2734,3195,3204,3278
SMG7,192,170,239,220,348,148,167,172,240,193
SLC3A2,2442,1382,963,1271,1067,1230,979,1048,809,993
MICAL1,319,432,234,238,387,409,448,347,252,440
ZNF500,157,149,167,129,129,182,191,253,167,191
TTC4,766,876,907,766,583,659,581,754,561,599
PTRF,200,150,162,143,105,114,117,122,122,114
MIS12,1756,1568,1407,1412,1333,1288,1202,1025,1004,1103
PAPSS1,185,245,225,242,256,237,307,309,436,359
CYSTM1,556,497,700,487,416,367,433,439,388,333
NR5A2,103,112,103,139,143,87,85,100,95,86
NTAN1,460,562,586,585,534,439,498,333,529,385
GPBP1,503,507,398,530,470,644,513,237,393,364
OIP5,118,156,113,130,120,141,272,143,172,154
BTBD6,168,206,215,179,153,161,229,262,194,238
ZDHHC23,87,97,97,112,131,108,124,113,128,129
MAT2A,3889,3512,3075,3130,4270,4492,4256,4588,3664,5248
CYP51A1,444,477,408,468,440,662,456,489,568,640
S1PR4,113,129,161,123,142,113,165,264,163,182
STXBP2,382,486,378,243,276,341,395,296,238,284
FNBP1,6868,5500,5175,4619,4946,5473,4048,4029,3563,4637
UNC45A,503,536,637,487,569,518,685,852,639,963
TMEM173,129,205,190,175,310,140,243,305,222,423
MRPL42,345,388,318,314,355,269,377,247,270,323
RRAGA,1103,1225,1152,1176,1000,696,902,946,947,741
RDH5,161,114,91,122,149,156,181,129,144,194
W91949,129,132,143,128,137,130,169,214,179,142
SDCBP,305,250,296,424,273,252,231,220,360,199
VMP1,1486,954,684,930,1154,2166,734,609,746,912
ACRC,122,140,127,133,135,190,169,182,170,157
RAPGEF6,440,369,272,313,415,556,289,278,278,336
RASA4,95,109,82,107,98,130,141,100,125,110
WDR74,429,238,232,293,554,589,228,374,273,498
C17orf96,832,316,276,335,507,604,262,192,199,401
MRPS30,464,731,452,605,505,395,577,324,448,371
ATP5EP2,4270,5305,7027,6662,5831,4911,7535,7140,8346,7445
SLC44A4,13443,9156,8665,10529,16732,14034,9026,13443,12785,18668
YIF1B,274,361,439,241,335,303,402,667,442,427
ZNF394,1694,832,765,853,1087,2031,769,1100,802,1089
PIGM,185,236,235,212,209,170,272,246,271,302
TMEM241,96,105,96,131,114,116,139,116,142,134
RAD51,442,213,212,280,404,456,187,357,210,408
PELI1,295,327,249,319,405,250,292,169,181,249
MCM5,1049,435,358,281,393,1135,555,438,339,501
ZNF614,188,210,226,218,187,173,162,153,166,164
NFE2L1,688,437,440,392,571,401,345,304,324,502
TMEM107,507,174,216,243,146,775,211,146,169,116
ATXN7L3,484,422,334,352,392,343,264,295,307,339
HIST1H2BC,283,143,107,156,186,260,122,95,106,126
NUPL2,306,301,329,311,292,390,386,448,364,398
ATP5L,285,323,371,253,232,324,385,364,389,249
SHOC2,484,482,509,635,478,380,392,357,382,341
MFAP3,203,198,175,191,176,150,173,144,169,149
EZH2,226,148,160,195,189,171,128,128,157,148
UHRF1,100,93,107,91,97,124,116,183,132,111
DBNL,391,608,598,537,1029,605,852,722,762,971
ICOSLG,273,428,329,245,405,333,423,438,277,420
CPNE8,227,292,222,250,359,432,319,257,346,283
ARL8B,1927,1809,1377,1794,1689,2023,1457,816,1407,1152
SDHAF3,260,308,375,221,146,308,532,563,331,314
ZSWIM4,961,669,330,448,1426,1753,853,572,616,1935
LDHB,695,1194,1156,1135,933,946,1696,1327,2030,1446
GALNS,173,249,151,164,238,227,221,201,183,265
GPN2,1159,1164,992,875,973,705,778,658,877,837
GLUD1,292,440,635,664,530,392,483,675,826,695
FRAT2,153,161,145,150,141,142,205,308,192,137
SPTAN1,159,195,249,158,160,194,202,296,218,204
PTPRO,204,314,328,306,355,184,294,244,246,343
FOXO3,150,180,183,195,199,215,208,237,239,233
ATF6,834,962,634,663,721,771,641,471,458,566
HNRNPA3P1,164,215,211,185,177,157,132,141,157,145
ZBTB46,187,168,143,142,162,350,206,263,183,206
RRBP1,1563,1939,2456,1714,2601,2469,2387,2495,1932,2898
STAT3,386,430,518,395,389,339,312,272,310,264
SNORA61,305,244,237,290,227,268,311,316,364,248
PTPRA,339,414,471,422,537,231,336,307,331,455
CFDP1,512,332,457,492,347,437,359,331,468,359
AEBP2,274,190,204,207,181,233,160,161,160,151
MAP3K1,1558,1691,1336,1256,1239,751,1280,1049,959,1154
GABPB2,16406,11366,10787,13401,20970,16503,13007,17674,17060,21948
TRAF3,205,164,133,167,232,226,181,186,213,216
CLN5,205,224,169,226,240,323,286,189,276,296
U2SURP,303,377,345,367,365,323,310,269,286,262
APOC1,128,148,139,116,121,163,188,152,139,164
LIG1,294,160,227,237,176,178,144,217,152,200
HSPA5,672,254,317,327,211,273,205,249,227,261
MAP3K11,429,310,270,272,344,365,244,199,240,310
ANGEL1,126,131,180,131,127,143,194,206,166,144
IFNGR1,1228,1000,1225,1084,1232,1254,1558,1702,1533,1957
SRA1,192,273,208,211,208,174,159,164,183,153
PIP5K1C,162,184,172,127,171,225,218,208,166,222
UHRF1BP1L,198,152,140,141,198,119,122,112,124,116
COX5A,8910,12866,8572,8990,8933,8933,10196,6319,7027,6510
FNIP2,130,133,167,184,195,204,131,116,125,143
MCM6,933,678,829,774,549,483,496,1227,608,843
PUF60,2172,1875,1523,1581,1808,1353,1466,1356,1422,1541
CXCL13,124,235,155,124,146,123,182,115,91,113
EP400,252,258,258,222,263,284,328,354,282,328
CWC15,955,974,1030,876,799,710,941,1081,752,745
GPR180,124,144,163,143,116,120,112,112,138,104
P4HTM,111,106,148,98,107,118,164,329,130,136
PPP1CC,901,1028,1006,975,1216,907,1347,1279,1453,1253
RBBP4,312,243,246,194,210,459,309,381,216,290
CABLES1,102,118,125,127,101,119,175,443,142,149
ENOPH1,397,716,564,569,303,434,717,752,725,462
ST3GAL3,93,95,101,95,115,100,109,121,134,128
SHISA3,106,117,137,133,112,158,116,167,148,138
TBRG4,259,216,211,231,307,223,182,159,172,237
ANKDD1A,113,106,106,105,127,163,135,123,127,135
PPP3CA,114,130,147,151,135,115,179,209,172,148
CCDC120,234,198,152,203,179,216,156,173,150,152
KIF22,180,250,333,173,237,171,185,383,186,191
CEP350,1039,775,746,806,1020,1363,995,533,1023,1296
ANKRD9,243,276,156,145,276,306,191,141,142,204
BX640652,581,365,370,311,379,633,388,493,391,470
BRD3,235,316,370,169,256,284,351,496,309,325
UVSSA,343,169,167,175,189,583,222,235,196,218
DNPEP,371,247,295,246,322,252,233,168,158,277
SUSD1,1498,1547,1229,1720,1116,1901,2250,1436,2358,1374
RAB5A,511,345,456,585,421,501,314,359,434,356
BX393727,208,176,168,204,268,257,237,259,300,314
SLC22A18,85,84,85,99,92,109,101,110,106,111
TNFAIP8L2,89,91,109,120,120,108,134,146,218,138
GBGT1,230,224,163,176,176,224,224,188,228,157
TRIM6,116,187,131,129,184,166,216,103,126,242
AI052687,98,86,97,81,90,116,119,105,106,114
CETN2,503,509,715,598,439,579,651,646,658,581
KDM7A,275,219,167,211,185,422,247,283,267,268
SPCS1,1913,3507,3326,3228,3507,3267,4479,3434,4660,4219
TMEM42,203,235,273,204,167,250,263,349,259,229
IDUA,104,93,101,89,90,120,92,121,114,119
ZNF827,272,256,223,171,257,285,198,224,162,202
C2orf42,550,427,294,341,497,488,337,261,321,406
FRAS1,128,105,118,127,149,100,93,104,85,115
LIPT1,106,103,120,128,113,115,154,144,144,138
SYNCRIP,946,1032,1125,906,905,746,877,799,680,677
TADA1,107,185,210,131,131,141,192,249,150,166
MIR597,90,109,110,109,108,85,93,85,88,86
ATP6V1G1,5579,8468,5128,5738,4764,6821,5444,3872,3830,4401
PLIN5,591,282,213,410,460,561,245,568,423,520
CPSF1,307,328,437,325,242,447,412,708,379,379
SIL1,267,413,262,269,274,341,421,273,284,389
DCAKD,1220,1078,543,839,1565,1366,1525,751,1279,2495
CCNB1IP1,165,214,185,295,203,224,233,257,319,273
PPP3CC,633,719,610,642,1031,506,524,324,439,558
VIMP,624,696,818,1078,884,449,710,594,946,645
AGFG1,156,191,194,174,178,198,214,225,228,245
RAB11FIP1,312,324,397,456,380,483,482,349,547,373
RPS21,311,352,376,333,301,246,424,422,477,353
ZFP36L2,152,160,201,174,144,151,203,585,249,147
SLC43A3,449,407,540,534,464,465,366,258,498,255
PDHB,1450,2226,1976,1701,1773,1695,2318,2666,2247,2121
REG1B,125,122,127,107,118,96,95,99,92,99
DBN1,90,124,136,92,127,106,175,193,126,157
RNF111,97,99,114,102,117,101,92,129,138,130
C18orf8,1259,1769,1640,2240,2124,1397,1529,1032,1456,1128
LGALS9B,115,118,157,150,142,111,112,102,130,126
KBTBD8,447,406,220,343,482,320,330,233,254,352
WNK1,450,458,575,476,374,422,352,482,355,361
CMTM3,392,489,569,445,566,546,614,1323,663,619
YPEL3,126,154,170,115,151,170,240,297,148,192
PTPN2,131,163,246,357,238,138,167,188,210,194
AGPAT2,138,183,243,177,162,180,236,356,203,224
ACAT1,296,395,341,383,270,310,473,432,560,427
ADPRM,204,241,221,257,264,205,187,143,204,190
AI863214,121,120,131,108,108,89,93,112,94,98
ECT2,150,165,141,147,153,180,191,147,237,190
C10orf10,413,299,193,225,331,237,243,118,237,203
CRY2,401,351,267,263,327,283,251,259,216,352
RRM1,526,625,503,672,590,664,746,587,907,830
ABHD12,156,125,162,138,182,183,197,247,154,242
CYTIP,225,173,172,183,168,195,137,136,147,128
YRDC,1934,1383,1063,1480,1289,1667,1097,762,1094,893
PSMA6,6719,8825,7482,7054,6883,6440,7880,4565,5305,5579
SLC4A7,232,288,291,184,221,293,309,315,229,239
DNLZ,475,801,537,329,450,376,670,572,347,375
TATDN2,174,215,211,184,250,192,267,273,218,368
TPCN1,77,83,82,95,93,95,112,116,105,86
NOSTRIN,142,142,107,102,151,112,121,110,94,134
FCHO1,88,89,98,89,98,99,104,141,113,124
RAX2,182,139,127,135,209,176,158,183,140,197
BBIP1,160,157,134,209,176,123,184,126,156,123
ANTXR2,294,587,601,831,800,530,742,760,838,774
PGAM4,261,257,260,346,254,249,144,145,205,214
BF511572,106,83,112,86,82,108,112,110,108,98
PSPC1,228,248,204,232,264,173,183,155,215,278
DDIT4,6662,4075,5417,3705,3615,7054,4637,6955,3530,5148
CBWD5,298,358,533,527,305,287,284,192,409,217
POLR3GL,419,647,558,480,487,595,907,902,614,615
FOS,141,120,95,130,96,113,95,103,90,88
ADRM1,587,506,366,503,664,386,407,400,388,512
TRAK1,90,112,113,121,122,136,128,143,148,163
PLCXD1,227,123,202,141,134,207,178,339,172,155
FANCD2,323,218,172,197,237,341,275,234,233,277
AP3B1,1489,1993,1329,1762,2193,1396,1630,1138,1342,1613
TTC13,86,104,108,119,108,109,130,178,156,136
SPCS3,568,686,563,660,658,522,548,338,413,541
CXorf40B,442,507,404,423,923,350,446,279,337,498
CD226,86,108,99,135,139,83,79,85,96,97
LRRC41,1017,839,886,751,518,760,660,692,539,665
C10orf88,154,226,142,240,230,170,207,152,179,186
SCAP,671,540,580,493,475,646,644,836,682,701
REC8,206,125,147,141,189,189,204,185,179,174
EIF4B,1503,1112,1540,1418,1185,1949,1779,2291,1789,1767
TTYH3,190,289,228,196,173,242,247,373,204,296
NADSYN1,297,252,274,215,298,396,346,341,328,411
HIST1H4K,825,359,347,224,235,864,313,275,197,168
ZNF366,517,862,395,697,781,428,806,298,553,918
TUBD1,509,341,230,217,301,439,275,220,201,238
BLOC1S6,1216,795,684,825,1417,1286,720,1040,908,1289
RALGAPB,248,208,233,226,299,202,185,154,168,231
HACL1,437,609,461,502,490,488,741,618,625,594
HBEGF,126,128,135,148,132,237,147,480,167,157
CEP19,2065,1058,874,875,1361,2644,1335,1286,965,1962
STT3A,724,667,996,898,669,568,494,781,627,574
ZNF689,342,369,370,398,407,324,471,478,420,467
TMX3,218,218,233,271,237,293,294,273,346,316
MBNL1,590,644,809,831,674,782,829,850,955,941
MINPP1,116,160,134,156,146,123,188,189,184,158
GJB2,111,161,581,162,107,180,287,2039,203,126
MRPS23,160,200,277,283,214,161,270,292,283,266
CHD2,114,135,161,165,174,127,121,112,144,131
PNPLA7,393,823,1354,514,568,716,815,1660,426,623
ASPSCR1,611,522,492,397,605,658,579,781,528,783
TOMM6,1469,1484,2005,1678,1640,1331,2067,1966,2177,2099
PSMB8,788,1303,1562,1673,2760,637,1239,861,1331,1720
RASAL3,135,207,180,157,172,217,195,228,189,285
SEH1L,226,222,253,290,188,177,186,179,207,163
CHRNA1,99,114,98,116,192,90,114,88,85,115
ITPR3,114,121,150,100,132,153,125,170,105,167
SNAP47,121,180,222,159,150,174,194,207,212,200
NLRC5,100,117,127,120,137,94,95,94,116,101
C21orf33,135,124,145,156,161,150,182,189,171,213
EMP1,125,200,184,179,233,124,208,146,129,227
RAVER1,524,496,396,371,312,363,374,314,265,266
CCND1,110,94,99,107,112,135,104,192,164,119
SMU1,336,390,363,369,473,291,293,246,362,366
SLC5A6,790,782,554,573,956,850,595,402,621,648
PARK7,4055,3877,4055,3294,3575,4048,5370,5196,4881,4565
MIR1275,230,142,135,144,112,180,117,105,113,92
CEACAM1,149,283,419,306,335,150,281,243,206,303
AL528570,124,137,139,115,138,172,189,214,140,170
PRC1,131,133,156,148,130,155,160,181,172,168
ENTPD6,163,154,183,145,199,217,193,312,206,178
SUCLG1,352,470,433,584,584,449,591,509,882,665
BQ439091,155,133,148,117,193,186,142,194,176,200
CERS6,5794,4723,4814,4270,5458,4668,3825,2564,3344,5766
GPC2,206,178,172,137,169,217,175,217,158,225
TCAF1,19402,11532,9156,11063,18600,19136,12586,14512,11152,15949
BCCIP,251,311,293,356,278,232,359,209,393,233
VIM,668,1127,2239,1533,1678,674,894,1573,1693,1218
DENND5B,206,264,186,147,277,194,338,260,163,310
UBE2E3,294,516,493,393,388,451,653,495,604,480
RBM43,117,151,196,168,130,133,127,120,118,117
FAM65A,882,695,423,546,843,1064,874,660,689,913
KIF5C,131,97,108,116,120,91,88,109,115,92
DGKA,110,112,117,125,130,179,147,171,139,144
METTL13,522,671,499,580,487,482,701,457,687,656
PHF11,3899,4304,3705,4547,5296,4060,3490,2330,2871,3423
RNU5A-1,472,145,155,270,163,382,122,124,136,130
DDX42,532,531,693,528,647,628,633,719,669,915
GCDH,501,566,427,354,385,537,619,423,428,545
FOXD4L1,355,143,158,162,136,133,126,138,118,117
FAM46C,240,216,184,165,336,155,171,204,132,407
TTL,281,375,378,304,308,205,245,275,185,306
TRPC4AP,401,343,345,331,583,411,275,251,219,377
ZCWPW1,350,263,210,218,226,328,269,284,242,324
EMC2,238,254,235,346,296,275,202,170,247,195
ADTRP,576,1023,1137,1400,1381,821,1582,1100,1429,1756
ERH,1449,1710,2013,2081,2612,1016,1569,1602,1802,2093
SOD2,158,131,178,197,111,103,127,126,129,107
C6orf136,365,284,215,209,250,294,199,225,199,193
APIP,142,248,229,368,277,159,198,131,291,228
AACS,110,110,114,115,137,147,124,161,137,143
R3HDM4,1112,1010,1059,706,767,1052,728,863,576,804
NUDT2,137,274,176,249,267,147,199,165,206,201
SORT1,183,198,187,210,146,171,235,311,247,172
ROBO1,101,165,144,139,141,116,98,112,110,122
ZNF395,787,575,1372,841,367,989,794,2071,1162,610
VTI1B,188,333,374,305,364,173,265,330,262,294
SNORD12C,251,135,117,148,147,223,138,209,184,131
AL832858,130,103,131,111,120,121,120,151,156,185
ATXN3,284,299,222,322,265,260,216,199,226,266
BF056254,122,134,141,141,150,144,113,102,100,112
ATP5I,175,210,232,163,142,221,196,247,220,179
AKNA,541,871,668,355,895,728,839,924,456,1058
EFR3A,1000,1258,1036,1007,1357,813,860,710,825,1167
SYS1,328,344,273,337,445,311,446,296,449,423
ARHGAP17,253,169,198,233,227,413,258,236,356,285
POLR2G,1292,1678,1472,1208,1557,1557,2427,1735,1848,1944
GCA,684,532,358,574,555,753,418,462,442,267
AVEN,211,352,194,239,319,177,291,150,215,190
C2orf68,96,102,110,118,100,137,128,139,121,124
MED28,1010,1018,849,920,676,868,829,718,733,672
UBR3,182,171,160,165,207,224,240,201,215,202
TAF1B,161,261,207,230,229,173,225,144,210,182
PLP2,176,168,190,259,204,216,248,239,329,166
RPA1,195,252,295,226,297,155,358,384,303,316
SCARB2,891,2601,1970,1588,2143,1747,3979,2659,2148,2471
MYO1F,133,124,112,104,109,149,130,141,149,134
BG436024,126,81,96,96,115,113,125,126,100,121
RHOG,1312,1220,1249,955,914,1282,972,924,1021,866
CENPT,138,127,147,112,143,173,171,197,144,195
SULT1A2,99,97,105,113,101,122,127,153,119,147
INTS9,1291,2339,2698,2679,1989,1466,1895,1865,2163,1387
AI867886,140,117,113,116,118,147,136,155,153,142
GTF2H3,231,208,203,269,243,185,173,172,267,198
USP14,131,174,205,201,197,148,148,163,193,157
SURF4,878,693,791,600,830,678,597,631,584,682
METTL21B,122,123,178,161,131,171,133,202,164,115
C16orf58,441,554,730,477,428,668,598,858,511,566
SNRPA1,1192,1474,1343,1097,1171,1851,1588,1353,1226,1494
MRM3,497,486,412,424,537,332,463,368,387,424
DENND5A,1105,910,1009,911,1005,1245,802,729,861,669
EWSR1,714,480,614,369,504,402,438,362,320,416
RAB38,254,203,202,285,267,223,203,167,194,226
MELK,224,260,213,239,242,239,191,140,191,183
RIN2,103,133,157,154,134,111,107,93,98,109
DDB1,2272,2942,3204,2532,2498,2701,3330,3915,2951,3173
HAUS7,163,226,257,239,236,233,290,296,308,311
MYL5,105,104,132,119,127,130,152,159,149,115
VPS72,262,347,287,181,249,186,243,266,179,209
TUBB4B,993,604,767,598,1021,612,523,569,653,666
PRKCZ,176,142,142,154,174,199,203,166,188,194
SEC22C,386,387,530,421,322,303,309,289,386,329
EPAS1,102,110,119,113,89,86,88,82,98,104
MDH2,2937,4377,3944,4171,4296,3835,5223,5331,5568,4946
HHIPL1,113,116,118,123,118,93,91,132,100,94
GGH,105,124,110,167,117,123,148,146,209,135
MT1E,169,191,138,145,159,124,137,110,134,127
AK6,194,234,268,542,343,149,231,170,408,214
EMC6,696,610,659,628,508,394,501,551,567,412
CNPY2,1290,963,908,868,621,665,1137,1182,1293,937
SSX1,117,115,122,144,122,120,97,107,94,79
AL049390,350,124,146,146,223,465,161,183,154,265
ATP6V1C1,101,127,117,227,128,99,100,109,144,101
BTG2,755,936,888,834,688,781,1543,1930,1033,1045
PAOX,143,233,144,162,216,201,250,170,203,220
AI821112,213,225,282,189,246,240,309,336,219,282
COQ5,330,516,789,431,498,406,624,864,545,695
ADIPOR1,339,277,256,424,388,267,254,271,372,367
ARHGAP33,173,166,182,155,197,263,204,365,180,217
NOP16,270,325,265,367,297,182,294,237,354,233
AKAP1,87,102,102,104,115,106,111,159,140,128
HIST2H4A,184,180,177,177,237,138,144,124,145,145
RPS4Y1,609,160,1210,836,136,763,135,1506,1450,142
BIRC2,2585,2335,1452,1630,1267,2160,1789,869,998,1302
THEMIS2,121,153,143,158,170,133,191,195,144,200
TRIM4,919,934,740,533,610,1152,1117,926,636,737
PIGL,122,117,117,150,140,179,154,153,137,133
RCC2,1065,2163,1398,1169,1851,1535,1749,1841,1295,2492
DDX28,280,308,246,268,321,207,306,223,212,257
ZCCHC7,333,351,316,322,290,422,414,402,384,332
SELT,121,167,190,199,171,133,137,134,177,191
FAN1,119,104,135,109,123,187,143,155,115,149
DEXI,261,350,437,370,190,300,280,303,250,200
EIF2D,117,155,224,133,146,157,187,191,162,183
ZFPL1,166,166,159,136,152,123,143,126,127,149
MR1,471,557,454,570,789,446,468,304,373,494
TMEM165,142,156,156,213,183,179,158,229,211,196
LRP8,239,170,198,270,237,409,264,175,308,296
SNAPC1,717,365,293,304,700,764,307,456,393,930
GLT8D1,152,157,142,194,181,180,189,196,220,223
ERAP2,4328,2462,1814,2211,3404,5782,3061,3075,2086,3889
RPUSD2,197,300,361,265,228,204,331,398,337,289
ZMYM1,132,137,155,143,129,172,171,173,136,155
CPT1B,203,147,166,198,317,140,158,165,157,224
MIF,7843,5128,7445,5035,2995,7309,6405,7630,6089,4514
LCK,95,97,92,116,100,100,92,126,122,124
BHLHE40,10721,10096,6633,6405,9473,10164,7585,4940,4637,8784
PLEKHF1,122,117,114,102,109,137,107,164,145,143
TXNDC15,116,129,181,141,126,182,146,163,150,161
SLFN5,203,189,120,371,115,172,151,107,263,99
LINC00997,160,125,161,207,161,134,129,151,119,121
LOC100128573,110,134,82,87,77,96,108,110,90,125
STOM,851,898,1162,1230,631,764,759,592,719,430
ARL2BP,376,434,403,387,425,367,503,456,600,535
NRAS,216,235,212,246,195,204,177,130,173,158
SMARCA4,829,1091,778,705,807,1000,1218,1218,1003,1008
FAM50B,110,127,181,138,134,128,169,188,167,135
MAGOH,602,531,485,566,507,383,425,351,502,448
USP25,143,140,174,164,135,168,118,114,114,108
RNF40,344,295,231,246,293,298,235,210,202,305
SGTA,286,224,167,174,239,218,167,160,179,189
BX114974,161,109,111,112,161,188,128,121,139,163
LLPH,1980,1140,1094,1058,1943,1282,1030,1433,1423,1538
NARS2,161,137,181,153,127,210,191,194,162,146
MRPS7,959,690,619,657,601,447,527,587,584,449
ZNF784,398,307,210,231,226,288,210,181,160,185
PEX14,153,205,179,157,177,150,142,145,132,135
SLC25A11,159,183,181,183,170,136,224,226,265,229
OXCT2,127,94,106,123,103,132,109,177,133,99
ZNF775,251,269,222,194,199,315,314,277,228,235
RRAGD,1236,993,691,888,642,1120,748,493,712,532
TRAPPC9,92,103,109,99,122,129,135,122,120,134
CRK,293,221,229,179,236,209,181,183,179,202
NELFE,343,271,290,268,274,225,193,219,190,238
ABCG1,102,210,167,211,263,157,233,125,169,212
SNORA67,400,207,162,213,241,347,218,265,227,278
SELO,209,186,141,129,148,196,160,185,136,190
ARID1A,894,1462,1461,1174,1080,856,1464,1844,1295,1558
USPL1,551,523,459,506,457,653,405,406,390,413
HPS5,448,448,337,461,544,462,349,265,359,384
GORASP1,89,98,120,107,140,103,133,145,122,140
LY6E,2044,3638,4999,2913,6244,2920,3404,2168,2657,3866
SPRYD3,282,267,297,282,352,197,225,258,226,263
CCP110,752,722,892,730,602,695,586,492,620,396
TWF2,317,363,421,315,437,301,495,636,453,421
MFSD11,528,268,242,319,432,553,323,397,299,671
ZSCAN21,138,166,166,217,133,131,133,177,139,119
VPS13C,138,133,142,202,225,177,129,157,221,224
HAND2,135,124,141,126,139,106,108,129,128,109
ANKZF1,150,122,122,116,133,176,135,152,111,156
WDR13,440,364,371,281,380,415,305,265,297,296
PJA2,2206,2172,1737,1361,1045,3082,2272,2163,1362,1369
TREML2,95,100,113,114,122,128,132,160,168,141
PROC,116,107,114,93,92,114,126,172,151,133
AW956608,397,210,178,176,230,393,169,121,131,188
CISH,539,527,377,565,1064,544,433,408,406,648
PDIA3P1,440,446,785,1018,593,340,445,476,880,605
DR1,193,269,267,384,279,335,350,282,425,278
SREK1,609,601,451,618,552,601,483,435,454,544
ZNF766,292,339,296,320,427,257,276,194,228,362
DCUN1D5,304,333,293,285,230,262,283,235,232,221
SNORA33,326,245,224,185,235,253,211,187,175,189
AW205635,191,130,115,112,123,167,138,155,117,153
PTRH2,1193,1043,932,1080,1030,838,888,581,914,738
MRPL23,433,664,699,486,475,463,815,1023,605,498
LACTB,238,362,388,314,202,319,278,197,252,146
KLHDC3,573,698,667,590,560,550,735,849,635,833
DNAJC10,315,662,548,497,464,532,804,641,618,564
TSG101,790,1128,986,1223,1278,682,906,664,1065,967
PAFAH1B1,604,485,606,559,659,699,623,759,751,852
SUN1,100,110,145,128,113,122,141,169,148,123
ZBTB42,124,188,197,179,205,140,151,175,147,168
SECISBP2L,333,429,424,390,366,313,319,325,297,285
ZNF692,135,122,117,129,173,163,160,140,149,201
TAF1D,185,137,180,214,179,222,140,137,172,145
IRF4,2594,2439,2015,2185,3389,3738,3326,2402,2545,3033
HSPA9,1909,1329,1313,1966,1946,1536,1182,1137,1535,1660
ARAP2,205,192,198,283,210,220,165,152,154,166
UBL4A,123,133,141,117,144,139,197,212,148,165
WDR91,126,129,115,130,118,174,170,156,146,128
ZNF281,778,712,713,736,984,616,505,386,592,661
DKK4,90,92,135,147,133,93,109,171,102,107
ZNF84,227,135,137,120,177,237,147,170,136,197
LONRF2,102,107,106,118,102,137,111,137,109,132
PDHX,249,322,283,289,241,263,246,214,215,227
PRRG2,599,375,141,300,447,486,302,127,266,331
LSMEM1,120,104,97,117,118,135,90,94,91,101
KBTBD7,102,109,122,150,118,115,138,174,215,147
BE080562,415,497,409,672,289,548,334,212,405,215
MPLKIP,277,281,233,271,190,213,239,191,218,226
GRSF1,921,1602,1457,1229,1893,803,1376,1173,1046,1373
PLOD3,382,489,593,476,384,633,585,678,591,417
S100A14,108,116,137,130,108,138,127,165,145,158
PREX1,144,242,264,197,248,169,252,325,301,319
CXCL16,120,95,220,116,110,219,114,721,144,129
CLIP3,89,95,87,105,96,114,118,109,120,139
RPS28,8897,9964,8910,7752,10280,9156,9326,11063,11254,12157
TRIM56,500,479,442,447,423,367,360,265,360,332
GTF2F2,1022,1057,889,955,805,929,845,712,769,661
GSDMD,455,784,917,613,955,470,632,936,532,634
CBR4,98,128,144,126,129,158,141,162,164,154
POLM,116,112,108,113,141,161,137,140,125,141
MDH1,1080,2044,2070,1785,1362,1712,2425,2216,2333,2010
TVP23B,309,282,292,487,243,291,235,212,276,173
GM2A,131,137,146,133,144,190,184,170,162,151
SNORA24,937,426,369,571,415,619,343,263,405,312
WDFY2,138,137,131,138,152,199,156,171,135,177
PITPNA,114,101,112,150,131,140,131,142,151,157
DNAJA2,1247,1093,1041,1063,1137,1079,880,701,875,1031
PTDSS2,106,158,139,126,150,157,193,172,165,190
RNF166,130,111,115,137,107,132,153,177,131,143
AFF4,428,357,294,358,369,320,294,288,244,217
YY1,1220,1185,1114,1417,729,1213,955,904,974,630
TBK1,705,585,430,694,831,724,559,290,528,647
CXorf36,114,119,128,103,125,96,111,95,126,96
RPS26P11,3638,5473,6098,4158,5207,4401,6458,7665,5538,6955
C9orf152,485,96,125,133,98,101,101,94,105,97
MARCH1,117,101,133,138,110,107,145,158,152,106
ARHGEF2,8087,8533,5714,5531,7265,6719,5859,3072,4322,5917
NRIP3,248,157,147,186,224,176,150,143,141,160
C1GALT1,200,236,222,245,355,220,190,143,156,282
SNORA3B,254,162,136,177,255,196,143,126,143,252
ZBTB44,142,204,162,175,160,193,233,205,201,183
IL18BP,416,292,344,686,289,530,286,427,690,325
WDR26,379,215,210,228,218,394,233,271,253,298
RPS14,5841,6308,7679,6544,5379,6430,7821,10022,8990,6199
MPP6,88,130,138,126,119,91,96,102,120,106
SNX2,522,650,659,712,491,524,659,400,615,350
NRIP1,1003,950,766,857,863,802,703,319,444,696
TWIST1,207,134,113,152,129,111,109,105,105,108
CSF3R,182,177,130,133,212,143,153,123,136,179
HLA-DRB3,1962,4739,6821,4055,4726,2206,4771,5492,3675,3813
WDR55,192,220,189,223,240,135,178,174,188,193
TXNDC17,1313,2048,1613,1501,1279,1728,2324,1923,1861,1420
BCL2L12,805,821,511,454,580,762,778,632,468,719
CLEC11A,115,134,145,104,102,162,142,144,115,120
ARGLU1,1462,1576,1364,1626,1761,2214,1954,1772,1822,2659
DDAH2,110,158,190,137,129,154,167,220,170,180
SDHD,904,1098,985,721,618,708,989,730,750,430
PATL1,1262,1040,901,878,750,1326,819,717,727,658
CFAP57,230,142,127,142,143,104,104,116,117,114
TEX264,104,133,171,138,144,120,157,199,171,171
COQ2,242,452,526,473,278,242,364,372,376,320
AMBRA1,170,146,125,162,147,116,170,119,126,116
KIAA0586,144,146,124,154,123,143,179,219,182,174
CCDC12,526,548,502,575,706,403,539,695,679,743
DNAJC5B,116,143,143,176,155,112,139,103,136,115
NRM,121,143,127,119,140,171,165,129,157,136
CNOT3,259,182,207,175,177,169,139,150,140,147
TMEM50B,203,251,238,268,218,209,278,372,401,295
PRELID1,207,304,335,267,308,298,439,419,376,368
SIRT4,89,96,95,102,101,93,103,131,120,122
TMEM134,162,171,304,159,131,201,190,290,205,142
PTK2,314,679,474,397,470,589,541,706,581,348
BM975754,137,133,116,134,88,107,105,106,122,109
BCAT2,152,216,261,165,175,200,297,328,217,201
SNORA10,279,161,145,195,194,198,134,157,120,181
DENND2D,108,110,140,116,122,167,168,142,144,140
C11orf24,154,186,166,177,155,196,205,287,153,248
KATNA1,443,439,283,404,373,379,385,242,327,308
TACC3,89,84,94,105,110,99,109,135,116,151
CCDC28A,442,506,588,465,494,512,632,840,594,611
EIF2B1,236,309,340,280,368,314,406,373,382,417
RFTN1,7921,12903,6955,10370,9123,8825,9678,5437,6498,7372
TRO,214,229,211,271,273,284,225,408,269,328
TRIP11,364,521,425,391,451,343,398,372,268,319
PDIA6,264,274,316,267,212,195,215,230,276,149
SEC16A,589,481,418,370,562,772,595,595,453,710
KLHL3,178,163,134,163,236,254,202,190,196,292
SAR1B,237,227,253,368,243,196,229,151,221,184
TMOD3,180,145,186,173,178,148,150,144,142,126
OCIAD2,204,424,396,389,413,262,522,469,490,525
QKI,111,153,149,184,146,135,120,112,152,109
CYP1B1,99,163,142,161,155,124,149,113,147,125
TDP2,220,211,167,232,185,181,170,166,168,183
ZNF556,102,111,140,175,158,132,152,173,233,233
IMP3,2269,2371,2140,1567,1280,2647,2953,3022,2471,2060
ARFRP1,93,96,128,130,112,90,115,90,86,98
RSL24D1,3490,3022,2502,3113,2083,3012,2360,2443,2475,2048
MIR373,99,105,129,103,110,112,129,116,139,140
AI859685,204,138,118,121,143,121,109,111,134,98
FAM222B,297,252,226,258,391,209,221,201,195,304
ANAPC13,679,879,735,1243,987,922,1253,967,1553,1086
CD200,156,198,141,144,191,131,126,114,125,178
BNIP1,111,148,137,176,151,103,119,107,140,147
SPATA20,75,87,167,104,116,81,100,234,128,184
HIST1H4H,187,166,113,146,225,191,137,104,101,134
TFE3,219,184,147,189,222,230,153,150,153,178
SNORA36B,85,97,81,107,86,101,106,95,110,106
MIR561,93,92,94,119,107,117,95,109,123,121
CYB5R2,102,110,111,150,135,90,90,90,101,83
CD8A,178,193,114,141,136,142,114,83,117,102
CNOT9,302,343,303,351,355,278,301,224,324,248
HNRNPH1,3094,2168,1296,1525,2655,2942,2679,1896,1889,2982
TUBE1,94,102,122,129,135,89,93,107,99,119
ATP5F1,1391,1808,1690,2054,1504,1491,2313,2088,2316,1814
FBRSL1,152,153,140,134,142,176,181,182,154,168
DICER1,252,312,265,266,206,271,328,339,350,227
FAM172A,101,100,114,120,141,129,146,140,140,143
ACTR10,655,709,699,843,572,686,679,566,557,488
MPRIP,110,103,106,99,95,110,138,168,117,127
TMEM243,388,348,215,295,282,320,414,365,402,265
PSMC3,1617,1824,1271,1600,2023,1309,1205,1014,1326,1503
CCT8,1653,1764,1706,2524,2018,1718,2179,1985,2726,2318
CHAC1,128,118,121,118,118,103,96,95,89,103
MGEA5,2322,2195,1665,1723,3349,2711,2320,3025,2289,3603
ANKRD1,214,164,112,141,139,114,125,113,101,116
GLS2,119,123,119,125,104,102,84,97,94,111
ZNF69,168,182,174,148,164,207,207,337,178,200
HACE1,164,182,146,173,126,133,117,142,126,165
ORC3,173,259,209,239,251,300,315,236,254,295
RUNX3,4483,5725,4757,4393,7966,3853,4347,3611,3490,4588
DIABLO,362,232,337,278,291,277,215,217,236,248
PSMC1,3910,4547,3394,4287,5531,3204,3473,2445,3535,4438
PHF5A,1545,1220,1040,1098,1275,1072,988,805,729,1213
XPC,474,382,306,340,330,552,469,373,321,419
HIST1H2BG,369,114,114,157,165,385,98,127,133,92
FAM174A,176,168,93,162,144,131,142,91,153,126
TP53,164,135,158,120,131,152,167,178,172,135
GPD1L,122,119,119,127,127,127,158,235,144,151
MTFP1,156,201,244,224,133,163,177,150,189,133
HOTTIP,154,118,108,133,130,175,161,117,116,161
HPS1,181,201,153,143,177,152,141,143,131,175
PPP1R12C,128,157,154,208,243,219,194,178,161,198
RILPL1,118,133,125,103,119,148,147,116,106,147
CXorf21,124,172,156,315,233,140,122,138,190,223
FAM120B,1056,945,819,698,870,1243,1073,1099,868,885
CRSP8P,1397,1052,742,764,863,713,700,535,665,762
PIGS,200,216,219,187,240,193,339,266,267,334
FABP4,93,91,96,101,102,103,106,119,122,125
UBA6,992,1243,1044,1249,802,1010,884,578,846,520
PPTC7,377,245,224,334,376,450,270,186,285,271
MRPL52,108,87,91,89,104,113,101,133,113,144
GUCY1A3,175,239,198,188,177,152,223,136,156,152
DHRS7,724,1760,1816,1120,1629,1059,2328,2398,1686,2008
SLC16A3,3465,2510,2792,2758,2342,3669,2211,2140,2456,2237
ZFAND1,105,127,151,172,146,147,165,195,245,180
FAM104A,349,565,549,609,619,438,733,696,670,857
ARL6IP5,2573,4382,4101,4637,6124,3445,5402,5064,5812,6975
EIF4H,2279,2034,2344,1653,1450,1694,1650,1763,1500,1179
SLC37A3,149,157,173,180,171,162,158,137,137,139
PIGK,116,168,177,197,206,165,235,186,264,218
LRRC8B,221,328,239,235,347,457,356,238,278,295
GOLGA8O,98,92,107,126,108,132,128,115,173,137
MAF1,193,192,220,144,170,130,163,215,156,138
HNRNPL,819,645,776,927,934,642,664,645,876,874
ELANE,114,150,150,575,106,110,111,215,732,121
UROD,772,831,1171,848,845,883,1042,1376,1049,980
MIOS,206,239,222,251,240,285,320,294,288,311
SNUPN,200,281,214,215,251,222,304,225,265,286
TRIM25,774,740,739,738,1081,818,560,404,601,689
CDK5RAP2,111,111,108,112,138,121,143,122,137,146
NUP153,417,383,401,510,409,400,343,271,332,314
MED8,278,231,220,168,230,209,186,166,175,221
TCEAL8,152,163,312,282,195,147,207,371,421,240
ATAD2B,156,168,159,177,167,178,173,240,220,205
NPR1,172,150,128,151,122,132,124,114,122,105
SLFN11,749,638,651,489,591,997,549,494,419,518
TUBGCP6,119,104,112,113,112,144,126,140,132,139
MED10,1500,1256,1134,1468,1767,1243,1006,798,1192,1237
PP7080,240,188,207,195,189,251,187,242,198,240
CALU,332,284,316,326,205,273,245,195,267,257
TTC1,293,290,243,279,382,201,235,203,316,253
FAM168B,472,293,275,306,301,347,405,395,350,370
SMIM3,154,290,292,263,332,192,357,396,371,276
SLC9A1,155,239,239,166,181,223,238,421,199,222
SFPQ,313,484,334,402,387,315,374,252,314,292
LPCAT1,177,230,207,212,201,255,241,247,261,278
PRR14L,846,686,725,690,872,892,741,784,933,896
LIPG,176,194,161,480,120,143,195,81,436,113
BAG4,184,171,134,140,166,160,135,125,135,122
TAGAP,129,139,163,169,151,123,138,116,132,110
CD164,375,523,591,988,732,563,472,399,727,480
NCR2,98,102,116,99,87,127,118,122,133,111
PHB2,776,512,646,610,477,648,751,790,633,789
YTHDF3,354,329,300,349,389,243,284,253,312,343
YWHAH,825,1557,1653,1261,998,1067,1841,1551,1608,1419
TMCO3,104,122,194,183,134,106,165,231,183,138
MIR517B,125,121,108,124,94,98,129,120,95,97
KPNA6,590,479,626,532,554,599,592,682,710,711
ASCC2,1243,1155,933,923,1447,1421,1500,1345,1182,1656
R3HCC1,259,267,430,277,263,296,328,650,328,291
SNAPIN,174,378,446,387,354,215,288,349,307,311
LCAT,125,112,104,112,110,147,137,117,124,145
UNC93B1,1939,2119,2193,1506,2201,3028,1723,1824,1397,1372
BCKDHA,669,574,362,521,726,762,613,505,706,726
USP47,94,106,105,108,135,141,111,138,130,117
SOGA1,104,107,92,92,92,99,107,120,115,114
ACOT7,181,168,194,193,246,181,254,238,260,192
MED27,361,267,261,252,225,206,220,176,231,212
ENG,110,146,122,134,129,121,158,176,169,159
TCTA,125,122,124,130,152,129,145,166,154,167
AA424221,165,144,164,125,164,101,133,154,138,125
STK38L,102,115,112,106,91,107,113,144,140,131
PPP1R8,166,181,205,222,205,149,193,164,180,167
HDHD2,489,665,526,571,814,520,702,603,754,878
PSMD5-AS1,236,225,294,206,157,290,276,381,205,225
MMADHC,1403,1418,1130,1439,1026,1388,1258,708,1141,705
BM714348,104,127,120,119,112,123,94,96,100,91
CAB39,780,1102,1305,1246,951,991,1357,1581,1354,1348
BAX,949,699,560,544,607,745,936,609,721,837
SNX17,483,670,701,620,640,429,786,995,773,844
MIR330,216,173,177,135,154,151,153,141,107,112
BCYRN1,1165,565,532,663,1315,1232,510,814,689,1612
TMEM45A,116,100,101,96,106,139,101,124,112,150
HEATR1,495,600,498,497,513,447,631,640,612,573
ANXA2P3,119,137,156,183,125,131,111,103,129,109
ORMDL2,188,212,171,195,160,190,180,141,153,137
LSM10,184,351,377,400,333,203,448,431,478,370
MSANTD4,267,426,309,423,342,278,325,263,348,271
TMED1,736,944,752,785,744,609,687,612,625,599
VKORC1,233,209,409,251,200,192,287,308,338,239
PDE7B,100,177,241,192,154,115,218,375,246,197
UBC,17705,18229,21948,23338,20261,19969,16465,15072,16503,18935
PTGES2,118,127,179,128,128,126,157,237,167,148
CCT6A,667,728,566,780,693,563,564,474,797,803
SRSF6,3404,2429,2839,2777,2956,3485,2618,3825,2874,4180
SNORA27,163,121,110,138,139,119,100,123,112,112
EXOSC8,784,767,576,670,883,719,722,567,600,625
PPCS,367,497,598,613,438,475,610,628,686,511
JAGN1,233,207,191,200,206,168,189,148,164,186
SKIDA1,119,108,113,113,120,103,97,92,83,88
GLMP,319,463,351,316,437,332,538,432,389,771
NDC80,142,145,124,148,165,122,118,115,109,131
PRKCI,226,220,199,171,193,160,162,169,144,187
BBS10,84,95,103,124,108,94,123,126,142,136
CCDC107,107,124,148,113,118,129,145,263,201,141
GLCE,103,123,117,139,128,126,153,148,161,151
SLC27A3,281,208,293,281,223,241,344,453,419,297
ST6GALNAC6,280,286,268,250,310,535,332,338,344,426
CDKN1B,580,1042,956,916,745,934,1291,1176,1124,1078
SRPX,208,169,110,113,111,104,92,88,91,93
TRA2B,1248,1779,1694,1741,1401,1284,1397,1381,1446,1224
COX8A,2895,3253,2597,1789,2221,2310,3772,4525,3186,2937
ARID5A,165,167,145,186,180,159,162,127,136,126
MPP5,187,184,154,189,168,156,145,143,169,150
ATF1,196,222,214,233,197,174,179,169,205,147
CNOT2,393,475,595,714,647,345,485,472,649,624
C19orf53,1282,1093,1147,914,1019,1191,1304,1569,1341,1583
PGM3,128,125,146,162,142,133,133,110,110,115
RNF144A,275,290,303,262,175,233,224,425,215,159
SMYD3,96,107,127,126,103,117,149,193,127,131
C12orf49,123,152,134,179,180,124,115,118,139,126
TMED10P1,1963,2540,2492,2486,1670,2018,2028,2148,2124,1835
OSBPL11,122,164,140,168,152,152,186,193,214,164
EDRF1,274,275,219,243,246,356,345,302,252,279
FAM196A,128,158,130,101,112,157,344,410,149,131
STARD5,236,227,568,242,223,189,192,318,190,207
NENF,1137,1777,1605,976,1090,1394,1743,2336,1389,1162
TBCC,188,273,223,160,221,201,388,248,271,289
SSSCA1,106,149,149,151,162,121,137,122,149,118
DKK1,89,105,94,132,141,83,85,104,84,86
LOC81691,80,107,123,99,115,132,126,141,130,137
TACR2,114,114,134,110,136,155,130,139,147,123
HNRNPA0,1096,1232,1548,1350,1223,789,1060,972,1315,1005
POLR2F,1106,1124,909,789,967,872,1207,1194,1184,1070
EDEM2,227,291,319,296,318,226,260,242,238,313
CYP4V2,103,158,108,115,118,123,150,165,134,141
B4GALT4,110,142,147,158,153,124,128,104,120,110
PTGES3,1846,1949,1424,2898,1708,1881,1667,815,1507,1099
RPL12,5751,6019,7665,7346,5917,5593,6955,7372,8751,7821
ZDHHC18,146,197,241,181,254,230,268,254,215,241
CCDC183,109,116,128,123,115,171,139,238,142,140
NECAB1,208,236,197,125,121,168,185,161,141,125
MBTPS2,118,118,163,120,140,120,147,147,174,132
PCM1,1265,1527,1100,1256,1247,1026,1244,906,902,1077
TLR1,145,266,240,264,224,195,252,172,225,196
ZNHIT6,100,126,201,149,161,115,183,212,196,173
BOLA3,805,1415,1498,684,605,657,922,1243,594,560
NAGPA,218,239,188,181,242,196,289,267,239,275
AL040611,111,94,108,93,90,116,123,110,119,114
TCF7L2,129,121,142,133,127,116,100,114,104,106
STARD7,1690,2391,2781,2144,2036,1587,2452,3130,2781,2625
RAB9BP1,107,135,125,151,137,110,116,103,133,110
GALNT14,101,97,83,100,96,78,86,78,79,90
NAXD,306,303,320,290,333,292,375,409,370,396
SMPD2,98,109,97,111,130,132,134,137,133,149
GLTSCR2,6319,6260,5085,4322,4468,8608,6943,6224,5207,5620
LDOC1L,119,122,180,124,126,156,152,158,142,126
RSRC2,268,224,198,236,214,274,218,177,183,176
AI239933,99,89,103,142,110,144,109,126,134,98
SRSF2,2510,2398,2445,2719,3257,2452,2486,3113,3072,3154
HAGH,104,104,103,169,104,127,118,140,149,118
PEF1,456,397,385,362,415,324,377,301,305,424
LOC286254,95,100,94,106,86,117,137,142,111,115
LINC00339,112,102,153,117,148,99,103,170,143,160
LZTFL1,99,226,180,132,146,115,311,223,131,179
CCS,163,132,144,148,161,149,160,181,218,184
RPS5,5473,6277,7042,6821,3967,5137,8485,7679,8468,5402
CCDC146,112,111,98,112,134,137,149,128,122,146
TMEM184B,199,271,204,195,240,249,321,247,197,281
RPL19,6544,7793,8447,8180,5248,7226,9532,10096,11767,7008
RTFDC1,1749,2252,1680,1781,2324,1782,2391,2008,2179,2876
ZNF862,130,128,116,120,103,98,94,123,91,108
PLEKHA1,109,121,147,173,122,140,143,150,206,169
WBP11,965,995,885,1031,921,972,789,656,768,822
CMC2,1881,2185,1651,1665,1615,1356,1681,1423,1333,1362
MUC1,200,252,647,308,319,252,158,397,283,187
NAT10,1268,941,1066,813,755,1441,1151,1254,1091,933
KIAA0100,116,186,182,211,191,189,215,227,246,256
PRPF3,964,509,555,608,887,979,497,496,497,712
COX7C,3794,5137,7107,6804,5186,4807,7107,6340,7118,5751
NDUFAB1,1674,2750,1841,1642,1070,2047,2766,2157,1473,1326
BOLA2,450,567,423,382,525,368,637,665,550,548
SVBP,1161,992,704,907,1253,942,811,629,700,975
ZRANB1,131,157,143,179,174,116,129,127,185,155
ABTB1,196,323,338,258,202,214,315,461,270,338
CA421847,209,205,199,186,186,175,157,147,163,172
ADARB1,87,96,115,132,107,120,129,226,150,131
ATF6B,125,139,178,151,219,137,186,201,178,185
RRNAD1,123,110,114,110,121,139,141,134,129,141
SLF2,148,178,165,136,160,204,175,196,156,206
CDK2,536,522,688,740,698,563,470,391,734,606
SNX27,781,1128,1045,825,860,658,762,704,718,554
CAPG,166,265,293,277,175,200,217,261,275,201
NFATC1,104,109,109,120,133,121,139,143,134,109
POLR2J3,830,701,750,844,665,679,1074,916,1092,887
SSFA2,116,155,172,169,136,118,134,134,119,127
KDM4D,116,120,112,114,119,143,91,110,95,90
NOD2,83,104,126,105,103,108,107,246,166,127
MON1B,193,212,149,185,210,155,181,129,158,192
PGAP1,157,144,143,127,142,131,115,117,106,123
SLC37A1,301,300,225,222,256,240,278,210,203,194
DDX19A,330,220,216,222,258,330,271,213,255,271
ZMYND8,125,115,145,132,169,119,166,161,146,201
ZBTB22,746,689,682,632,615,618,616,558,476,497
GOLGA2,602,291,244,245,284,375,232,199,232,226
ZNF280C,658,624,286,298,394,522,359,212,204,323
TMEM248,305,330,350,351,388,287,367,211,278,305
AL832704,138,111,115,122,118,153,140,138,144,154
UFC1,1072,1179,915,1146,1405,999,1698,803,1701,1398
NIPAL3,163,224,253,210,202,148,233,387,257,296
PSMC2,1709,2134,1578,2358,2328,1776,1730,1262,1800,1748
ZNF212,145,219,197,214,320,161,197,175,174,263
BM711893,87,95,105,101,94,115,115,117,110,117
ANXA3,135,223,139,140,174,115,136,105,108,133
RFPL3S,188,122,117,140,141,129,115,110,105,141
RAB3IP,191,111,131,133,203,213,126,162,137,221
SP2,367,328,256,303,285,265,255,198,222,248
TRIM61,113,118,123,116,136,109,149,121,155,145
GLRX,126,526,629,531,693,201,843,543,648,780
MMS19,648,529,650,600,531,703,523,734,732,807
CHCHD3,204,206,247,291,217,267,264,188,332,260
UPRT,249,243,253,277,221,241,204,190,247,176
DNHD1,108,100,98,111,92,187,121,126,104,123
TESK1,260,189,204,187,172,255,231,286,154,184
PYCARD,91,94,107,104,88,87,145,206,114,114
MBD4,924,546,496,639,1160,1504,663,780,688,1386
CTSA,167,138,149,111,149,196,162,181,140,216
ARFGAP2,518,469,425,481,599,404,376,365,395,511
GTF2IP1,113,125,156,145,122,129,153,161,161,111
D2HGDH,503,196,287,157,225,330,220,463,191,275
BLK,88,119,80,100,95,98,206,86,116,118
MSL2,136,138,150,182,206,112,180,184,183,209
ACAA2,231,332,303,242,269,200,368,328,373,299
PUS1,144,123,125,131,154,206,160,149,148,166
CENPB,632,743,804,558,606,447,771,1082,827,729
ASB2,91,151,131,124,96,106,159,170,151,106
SRPK1,277,286,276,229,255,377,381,337,243,260
C1QL2,119,183,154,168,108,153,120,97,127,126
GAB3,131,125,124,112,142,134,153,157,136,160
CGN,161,250,164,190,202,349,342,123,232,225
RNU6-1,2641,903,737,846,899,3177,1096,1144,897,972
OR6Y1,97,84,92,86,86,103,121,105,102,128
MITD1,359,572,490,518,459,438,801,597,603,535
SH2D3C,87,84,92,101,87,103,107,120,123,99
TSSC4,690,528,475,400,529,580,503,433,382,404
EZR-AS1,130,135,112,135,138,172,165,136,168,120
ARRB2,94,101,95,98,103,100,104,119,127,136
RNU4-2,601,232,177,318,187,1385,282,230,306,216
EDN1,126,185,118,171,175,273,208,146,178,241
RAB18,144,183,164,168,133,200,175,124,134,132
SSH3,105,149,121,104,123,108,148,255,125,152
ZNF621,155,267,274,212,180,266,259,289,210,223
GPS2,268,244,244,188,259,191,200,230,176,241
SLC35A1,159,393,358,240,247,270,410,487,250,301
SNORD87,207,172,154,204,171,238,209,142,219,185
PBX4,173,134,163,109,125,142,110,115,106,103
SNTB1,91,136,186,149,110,88,111,157,131,104
GON7,170,198,173,203,167,211,276,198,247,209
PYROXD1,122,108,141,143,146,116,137,114,131,114
AW276479,957,509,390,453,720,1256,502,620,445,895
BX093763,172,151,131,145,168,213,141,184,157,189
HDGFRP3,485,619,545,568,504,448,513,307,465,400
HTT,99,115,114,101,127,107,158,175,136,138
TAF6L,695,597,447,453,567,466,436,474,415,576
MRPS10,732,1074,899,757,875,782,1145,1120,1052,1065
SLC25A38,108,146,152,145,167,136,158,178,185,182
ZNF641,86,108,107,150,144,118,112,135,143,132
IGIP,107,138,123,115,91,116,144,147,140,117
DB305200,122,118,129,128,127,105,103,101,123,117
MDN1,125,98,103,115,121,140,140,132,143,137
C4orf46,284,233,238,268,258,212,237,140,271,201
CLUHP3,187,165,119,153,204,187,125,109,135,144
ETNK1,195,205,215,223,162,174,169,160,169,128
SLCO4C1,98,88,88,99,104,95,108,119,126,126
AL110204,104,116,113,163,171,142,133,122,167,183
GMFB,914,1236,1054,1058,1083,1059,909,863,853,870
C19orf25,149,112,114,130,132,167,131,171,159,151
CUEDC2,316,411,453,281,345,410,522,497,381,419
TBP,434,271,248,256,351,346,214,330,271,331
DA481142,152,113,148,143,144,102,124,114,129,118
SMN2,197,152,154,141,117,155,123,116,131,125
OSBP,2679,2070,1859,1654,1495,2388,1510,1958,1400,1529
APOLD1,119,99,118,93,96,134,132,120,112,117
OST4,2688,3675,5350,3805,3675,2939,4468,4898,4595,4079
DERA,717,1162,908,808,795,895,1368,983,908,1028
ENTPD4,232,129,135,131,191,209,149,185,131,164
SNORD104,513,293,247,213,283,449,349,344,180,298
CX3CR1,91,87,114,114,103,125,126,103,129,115
ZDHHC14,102,114,133,108,120,108,196,309,131,139
IMMP2L,134,167,164,167,184,203,218,176,205,194
WDR83,129,166,127,158,187,194,203,177,162,192
MIPEP,103,98,124,111,91,92,132,126,111,132
ENPP3,88,90,113,109,112,85,92,96,90,85
PATL2,179,135,127,153,151,135,134,115,107,124
ING2,189,218,219,231,149,164,206,234,179,158
AKR1B1,235,271,348,342,244,251,330,445,374,266
U2AF1L4,104,127,141,122,125,95,152,186,132,160
VANGL2,111,138,118,112,115,141,140,132,137,149
ATP9B,122,121,113,103,133,154,162,127,128,147
OCEL1,222,195,185,144,132,250,225,252,183,141
UTP14A,397,349,374,385,378,311,364,301,366,309
TAX1BP1,1213,1065,1074,1322,1544,1194,988,768,998,1147
CHP1,433,367,380,371,346,602,502,451,446,450
GPR55,182,280,177,138,229,221,317,211,161,350
RIMKLB,134,163,177,152,124,160,107,133,125,110
NCL,2390,2289,2041,2123,1522,2105,1968,1491,1747,1264
KPNA4,752,826,692,1024,868,690,591,453,847,680
RABL6,161,183,149,140,175,172,202,196,141,212
RPS6KA3,162,170,182,253,188,150,144,163,221,150
SIGMAR1,105,116,156,117,137,113,122,155,163,142
PTBP2,337,310,249,230,254,295,209,198,206,244
AKAP11,541,662,762,874,627,898,707,804,924,803
KIAA1551,225,537,779,515,617,271,682,794,416,653
AW130132,136,154,136,125,106,110,109,112,120,123
NAA20,542,597,656,1076,750,372,540,630,731,467
C11orf68,235,248,273,162,202,225,180,194,140,200
SPIN4,88,91,102,88,93,88,110,122,112,103
TRIM43,109,117,104,107,110,144,142,108,108,133
QSOX2,341,285,190,254,212,292,331,234,308,549
MOSPD1,104,109,144,103,123,138,126,132,133,121
MAGOHB,84,90,102,117,91,110,102,96,114,114
THOC2,165,210,174,229,250,173,163,170,245,183
ERF,251,191,180,168,143,218,157,148,148,129
EGR2,120,128,120,118,98,104,94,112,99,95
AW241838,110,169,130,146,136,122,112,108,117,110
ATF2,126,114,149,166,165,122,119,122,124,123
ZBTB4,496,499,637,338,326,715,727,602,410,463
APOBEC3C,152,130,197,147,179,151,170,195,184,195
ORAI3,93,105,126,117,100,103,127,129,127,125
ZNF248,161,169,153,145,128,187,169,232,163,185
APPBP2,565,467,405,376,301,494,578,491,375,355
PSMB7,2062,2405,2107,2276,2322,1341,1946,1616,2144,1877
TNFAIP8L1,107,125,113,151,144,142,152,137,213,184
TLR6,91,105,89,86,120,105,97,111,120,128
CLEC2D,158,133,121,140,174,91,115,99,115,124
AI024404,136,152,150,124,106,120,98,113,110,112
FBXL15,352,326,301,279,213,280,248,296,225,224
FZD3,133,149,143,137,181,146,172,200,174,207
PIGY,270,621,1052,572,465,357,805,958,693,615
KRTAP3-2,87,99,88,92,84,99,107,109,88,124
DA086964,130,189,160,159,146,151,126,131,146,131
ZNF329,295,321,242,213,206,221,260,199,190,169
NPEPPS,380,403,399,550,511,489,435,537,517,459
LINC00938,3064,1300,1417,1390,1063,2443,1479,889,1147,1109
PAM16,407,359,386,325,358,433,436,466,387,484
LY75,205,186,145,158,215,154,148,139,171,246
ZCCHC3,190,238,253,264,282,162,209,236,232,168
ATAD1,214,272,210,296,298,224,228,191,247,194
IGFLR1,1060,1100,449,666,1472,1162,1633,713,1285,2135
PRPF4,851,586,595,593,616,720,469,455,491,611
SIK1,403,186,181,188,248,373,191,154,144,155
RHBDD1,330,322,267,282,328,281,277,211,258,266
TMEM55B,287,193,226,229,293,269,278,323,279,262
NUBPL,1739,811,786,1272,2734,2239,971,1541,1417,2747
MARCKSL1,2211,2960,2134,2201,4200,1831,2774,1828,2679,4193
NDUFB3,699,1310,1633,1362,1003,826,1847,1587,1935,1287
COPS5,905,1069,955,1285,1106,865,1051,839,1184,882
PITPNB,337,278,270,378,364,279,225,235,315,302
AW294700,160,135,163,114,113,109,111,111,124,114
CALM1,222,393,453,495,431,294,516,965,522,526
ANO6,188,210,225,206,208,257,251,239,291,213
GDPD5,93,83,99,98,112,118,101,127,118,100
MRPL19,273,433,413,365,352,358,530,306,510,442
BBS4,123,134,136,185,170,167,174,142,156,165
OXA1L,339,423,366,415,416,365,551,506,502,503
POGLUT1,2889,1921,2923,3535,2528,2405,1516,2021,2538,2387
SLC36A4,277,261,237,228,172,309,208,195,187,196
PDE7A,167,142,155,200,177,126,138,111,158,147
PPP4R3B,802,891,856,895,812,799,636,601,707,822
TLE1,128,122,131,126,133,102,93,119,121,106
CNOT1,131,146,138,146,134,109,114,111,120,119
GNG8,197,175,235,135,133,162,157,142,144,116
ZNF14,188,193,185,187,170,178,155,153,161,140
MED29,375,371,357,294,359,431,435,584,339,444
SCLT1,128,179,143,194,222,185,146,134,174,148
FH,737,508,720,543,457,568,657,902,742,536
FAM234A,109,116,138,119,126,123,144,171,126,158
BQ026234,111,97,94,107,94,117,118,110,97,119
ADPGK,852,554,643,639,842,778,758,788,633,950
PGM5-AS1,126,127,139,129,153,146,164,146,157,172
IFNG,118,104,122,115,97,104,100,85,95,90
PPP6R3,306,292,284,321,413,366,353,461,371,513
JDP2,177,162,183,173,147,143,127,149,146,133
BX090227,270,174,146,171,228,215,185,212,211,194
GPR68,87,84,98,122,108,88,117,207,129,118
SRSF4,2140,1951,2079,1972,2459,2000,1719,1650,1677,2211
BHLHE22,116,139,165,132,124,113,105,109,115,104
GUSB,267,328,368,269,266,326,413,555,277,229
TBC1D7,250,301,209,210,259,264,383,291,302,416
P3H4,101,101,99,120,120,123,99,117,131,123
F8A1,140,197,221,142,135,151,182,192,168,172
ARHGAP21,646,493,645,481,328,690,352,513,408,279
WDR7,135,199,185,160,196,189,225,224,204,267
CHMP4A,1038,1347,1088,1030,1293,1166,1315,1239,1440,1335
UTP14C,353,405,446,460,344,288,360,335,361,263
LOC100419583,732,564,543,718,587,546,487,241,485,339
TTC19,125,171,206,174,185,162,206,240,230,211
LOC154761,294,160,245,133,171,178,117,152,113,141
GIMAP4,114,134,144,111,130,107,110,98,102,109
DESI2,397,351,320,440,309,269,318,285,354,290
PLPP3,116,116,111,119,110,163,115,95,93,96
COPZ1,291,297,420,306,302,308,365,382,389,324
HEXDC,125,152,175,131,156,183,178,204,148,198
MTCH1,3615,3094,3282,3033,3113,3963,2287,2601,2577,2538
LOC100293704,226,120,117,141,118,182,148,136,146,134
FAM13A-AS1,106,99,101,113,102,123,116,139,125,100
TPM2,84,95,99,101,94,88,95,117,118,114
KDM4A,172,163,173,141,217,118,190,140,142,177
MIR376A1,116,124,103,101,112,92,106,96,93,81
PMVK,167,171,213,162,161,179,202,206,185,204
ZFAND6,325,309,335,344,255,286,286,258,269,257
S100A5,101,115,104,125,117,99,98,95,94,95
CARS2,153,178,156,160,185,174,194,211,234,184
GTF2H5,380,520,686,613,635,442,740,613,880,944
BLZF1,3996,2132,1868,3326,5766,5097,2568,4015,3306,7309
BTN2A1,1200,1086,813,990,1412,1137,867,739,900,1019
CRTC2,383,264,241,310,382,467,251,202,257,339
SLC16A12,12215,6098,6510,9747,15072,12654,7843,11767,9611,16306
YTHDC2,89,89,110,116,118,113,117,133,140,133
ALG3,283,304,282,254,258,277,340,407,376,317
PIK3R1,89,97,114,118,130,93,92,94,108,109
GTF2E1,185,213,204,204,182,174,186,158,162,169
ZNF318,288,223,258,276,187,246,250,214,211,208
SP4,505,584,665,597,514,484,429,483,559,522
PTGDS,130,200,206,130,259,134,264,241,138,388
PIK3AP1,797,1208,1198,1935,1164,975,1445,1348,1893,1822
ZZEF1,402,294,219,270,382,389,347,355,251,355
FCGR3B,178,148,175,145,215,145,127,181,144,152
BRD2,4015,3657,3478,4010,5107,3434,3028,3323,3126,4187
CCDC71,196,238,229,272,277,184,208,188,197,208
OSM,132,242,204,144,424,169,240,130,145,463
CLDN11,123,118,130,95,134,111,102,104,95,97
RELA,207,235,262,213,214,177,180,149,180,168
DNAJB2,673,566,566,466,476,852,683,738,602,571
SLBP,759,808,728,780,538,629,752,690,524,498
DDX47,1544,1776,1646,1912,1623,1364,1450,1117,1715,1345
KCTD6,117,264,282,139,248,154,212,297,158,205
EZR,3356,4010,4193,3282,4525,2980,4874,7482,3698,4837
HIST1H2BE,199,117,106,121,166,206,100,97,97,117
SMAD9,224,112,108,126,173,257,152,144,149,190
TGFBRAP1,113,122,108,130,127,129,138,158,153,147
MIR577,100,98,113,100,116,121,115,126,136,112
OTULIN,485,599,459,517,633,429,487,382,389,445
P2RY1,129,168,200,171,200,168,276,206,199,400
NOP58,1891,1655,1330,1522,1189,2098,1689,1249,1262,1147
DCXR,601,642,759,437,497,599,729,1147,666,725
SEC1P,103,91,87,96,89,113,110,86,111,97
CRBN,218,339,343,270,262,239,332,395,326,285
ACTA2,148,192,178,174,144,126,188,170,144,119
SLC12A4,122,176,112,181,122,197,172,140,145,148
LZTR1,228,498,556,352,458,407,552,773,423,672
TREM2,162,134,144,114,108,133,145,108,111,102
GPR3,129,117,104,101,101,128,127,126,101,111
KDM8,112,108,118,103,132,135,137,123,119,143
NDUFB2,1506,2320,2701,2099,1874,1581,2698,2528,2559,1886
METTL21A,119,122,102,116,105,147,148,114,140,115
SIK3,560,420,348,441,589,572,531,484,395,729
SLC35B1,496,679,794,586,694,442,564,636,537,620
ZNF286B,163,159,162,189,146,219,195,187,234,173
THOC6,245,237,242,203,209,179,188,243,239,197
REV3L,112,108,90,115,109,87,90,88,102,119
LMCD1,99,192,138,138,150,112,202,107,114,137
CD180,124,119,135,151,130,129,170,157,162,154
TSR3,107,165,127,121,141,127,156,153,144,155
BX119465,131,135,135,125,116,130,111,94,109,106
C12orf29,114,137,151,144,136,149,171,172,165,151
RPL10A,8485,10144,10044,9824,6868,8067,12654,11826,12586,9611
SMIM12,268,319,257,220,234,264,311,213,200,207
LOC401357,389,393,260,194,344,441,301,286,167,239
NCOA4,5113,5339,5411,6059,5775,3932,4832,4874,4495,4150
SDCCAG3,227,169,157,155,180,203,172,208,171,214
TRNT1,142,122,122,180,128,191,154,110,158,130
PGLS,305,423,433,364,361,351,439,516,462,346
PKN1,132,209,204,167,163,176,201,201,201,175
DYNC1I2,327,640,817,743,710,407,654,522,771,590
SPG11,1422,899,604,778,742,1883,1178,640,752,936
BAG6,580,470,412,299,384,388,335,343,266,360
TMEM214,259,207,272,238,233,222,198,197,195,267
THOC5,212,214,170,177,263,176,164,165,179,248
PCDHB19P,406,197,166,227,282,364,212,273,209,379
DNAH1,183,146,143,168,191,201,202,229,203,229
TXNRD1,734,493,447,795,429,557,409,300,455,332
PPP2R2A,809,743,738,1003,1078,785,512,468,697,673
CYB5A,157,142,197,154,139,147,185,211,257,145
CA392270,155,147,178,187,186,148,145,140,154,165
ODF3B,384,214,249,180,225,317,183,170,187,207
JUND,9364,7346,5964,7096,6893,8845,5899,5883,5437,7027
CPEB4,105,94,106,175,134,108,128,113,139,129
TOMM40L,112,181,201,173,219,167,226,218,205,283
ADHFE1,105,95,113,104,118,132,126,131,126,97
C1GALT1C1,158,165,245,225,244,187,131,157,188,190
CXCR4,983,408,525,808,300,631,632,686,816,373
TUT1,150,170,127,125,129,185,171,155,141,144
TCP1,212,221,238,292,177,136,184,198,196,170
OSTM1,126,161,140,160,140,196,218,154,168,167
AV691356,117,100,105,99,108,150,126,160,115,118
RPIA,355,348,338,329,391,359,432,304,471,419
MRPL48,91,115,136,155,127,105,152,127,158,153
CRLF2,360,172,420,345,216,397,202,354,287,208
ZC3H7B,104,100,127,128,143,103,108,90,121,106
DDX59,121,152,134,180,190,117,126,104,139,194
ACADM,1033,1221,989,1224,916,1372,1453,1098,1241,982
CLSTN1,413,640,711,435,612,371,600,730,451,509
VAV3,86,84,153,99,222,90,101,209,119,383
TRMT61B,138,135,135,137,156,169,167,142,140,165
ZNF772,106,110,135,138,112,138,135,137,106,124
UPF3B,296,278,175,343,294,317,239,159,290,245
TRAF4,539,474,519,493,639,404,432,498,414,525
TRMT112,1341,1697,1780,1544,1268,1121,2086,2028,1855,1659
HACD4,1133,471,518,973,1915,1189,520,1169,1013,2105
ARL17B,378,370,291,240,305,428,451,197,333,366
TEKT2,168,147,140,144,111,124,120,136,113,110
GLRX2,103,103,141,109,97,113,123,138,125,124
ACTL7B,95,119,121,120,102,99,121,102,88,99
MTFR2,94,96,100,94,99,117,115,101,113,116
FKBP5,926,930,967,929,923,974,1084,1116,1573,1139
AVP,152,112,495,124,128,207,119,973,154,111
LHX2,92,120,138,112,139,89,104,100,99,118
CYP2C8,93,94,94,110,114,113,108,125,97,133
BCAS4,108,150,183,128,116,118,168,303,154,144
MFSD10,1172,1052,1116,802,1024,1443,1059,1264,1000,1378
CBLN3,431,322,275,256,310,592,373,426,287,352
PLD4,133,102,142,111,124,135,149,149,178,137
ZNF844,136,140,122,149,118,148,139,106,113,111
LAMTOR2,1779,2013,1985,1270,1593,1475,2498,2204,1918,2137
CCR1,102,108,125,102,139,103,130,138,117,152
DCPS,231,256,222,159,374,166,213,172,192,215
PDCL3,369,391,387,489,371,317,422,465,782,480
UQCC3,94,104,131,97,95,103,104,156,120,117
USP30,117,137,105,164,139,116,115,95,114,98
IKBKB,152,135,124,132,146,158,162,163,147,174
LDHC,160,113,106,147,147,123,112,137,139,120
AI557007,129,155,146,146,136,154,175,219,175,167
RPS29,7895,9659,12157,9678,9326,9364,11767,11594,12297,10746
FAM76B,146,169,210,237,207,173,173,151,184,171
ZNF526,281,217,188,171,179,312,200,263,225,214
OXLD1,557,747,618,451,431,556,892,870,617,668
ZMYM4,215,266,275,215,224,269,329,282,217,261
PRPF38A,187,172,160,220,203,149,158,127,173,156
G2E3,105,107,103,117,107,109,138,116,128,136
XRCC1,142,147,148,136,199,152,172,177,217,199
STT3B,186,153,206,225,246,194,168,153,180,172
M90754,144,110,143,117,127,102,102,118,105,116
TMEM106A,938,417,412,547,1006,911,493,656,572,1235
MFSD14B,254,216,221,207,198,293,183,180,176,161
FIZ1,234,193,211,214,194,198,169,176,161,187
PIK3IP1,109,115,132,116,116,150,118,164,139,132
SIDT1,214,228,227,234,243,190,152,206,210,156
PSPH,86,105,105,112,106,98,126,104,137,130
TIMM10,1246,556,528,838,825,1001,534,414,747,688
PRRC1,327,429,506,337,268,342,405,439,422,314
DMBX1,103,117,123,122,130,106,101,111,95,102
FBXW4,237,310,343,215,257,389,309,319,288,301
NSMCE3,208,154,165,236,170,141,151,195,135,133
KYAT1,238,167,175,138,148,253,200,209,155,172
KYNU,2030,2711,2048,2502,1973,2054,1708,836,1737,1319
SUGT1,177,247,222,204,189,170,172,196,168,153
DOT1L,222,161,174,151,205,219,145,129,138,158
LAMTOR5,1809,2375,3086,2272,1993,1805,2390,1955,1895,1863
CAPZA2,879,942,1049,1182,1252,875,848,830,1126,1259
TNS1,173,131,155,135,99,123,121,105,101,112
SNX10,143,185,185,163,157,188,268,189,217,196
TRMT6,153,158,124,145,155,154,184,152,200,196
AA204695,640,334,319,337,497,649,324,405,398,628
GTF3C1,119,141,154,126,167,169,170,175,136,179
TMEM154,87,106,103,101,111,111,116,156,152,123
TRMT1,492,487,401,386,558,406,457,526,385,394
HELB,119,103,130,126,143,140,110,101,105,98
DHX36,282,388,304,377,304,254,280,214,281,210
ST13,1256,1100,869,843,637,1300,1072,801,1042,656
EVI5,532,259,276,304,493,417,225,364,285,568
TEN1,142,200,158,145,160,131,121,148,128,152
PIP5K1A,207,161,179,216,225,173,139,152,195,196
NIP7,892,830,665,689,680,575,621,630,541,528
SUPV3L1,300,219,199,220,207,243,183,180,165,254
ZBED4,323,351,323,370,360,269,327,310,293,278
HLA-DPB2,111,154,111,120,106,128,134,147,133,133
ZNF428,1696,1777,1274,1094,1058,1319,1987,2152,1397,1526
AASDH,118,137,140,145,157,148,193,168,167,173
MIR3142HG,114,157,208,136,126,100,113,132,112,116
IDH2,193,243,430,224,371,291,287,522,277,317
STK26,166,304,319,276,241,207,358,364,331,279
HIST2H4B,198,111,139,198,151,125,117,126,157,126
LTBP1,111,111,96,99,100,111,133,138,119,93
SPTY2D1,230,259,217,216,177,211,181,161,157,189
HIST1H3D,200,136,117,128,182,129,114,98,97,113
BCS1L,95,114,133,103,117,101,114,173,136,139
C17orf98,107,97,103,104,113,110,98,135,145,125
STAMBP,233,269,281,309,309,235,264,204,255,232
MBD6,375,244,172,198,268,242,190,203,152,288
DDX50,610,527,589,569,477,676,501,471,475,356
CHM,388,438,321,416,335,418,364,237,324,312
AIF1,135,155,205,157,171,188,176,272,312,159
CCDC62,81,92,81,76,83,102,97,86,99,92
PRKACB,95,103,104,96,105,113,127,113,126,124
SUMO1,197,246,197,235,229,191,191,142,292,254
NAGLU,321,306,237,281,388,311,447,288,367,419
GPN3,421,491,606,657,389,362,410,434,663,281
METAP2,817,1016,1051,813,803,945,1116,1054,896,977
SMG5,541,463,343,404,609,408,378,329,483,387
NABP2,101,133,150,128,163,123,159,157,184,214
CLTA,844,925,744,971,1211,667,873,743,773,1125
RETSAT,113,100,120,130,135,130,153,140,143,154
TRRAP,1433,1314,1236,1217,1241,1631,1485,1635,1230,1310
PCID2,1208,1047,1087,967,1157,1348,1301,1574,1010,1267
LRRC45,149,106,112,96,108,130,145,144,115,101
KLHDC2,119,233,364,223,189,172,267,457,275,195
ARRB1,89,83,89,87,87,83,79,110,110,104
PDCD10,104,136,135,183,112,106,108,113,142,114
FUNDC1,277,311,317,271,250,216,250,231,233,197
NOP14,293,252,216,253,249,244,211,207,246,206
RAB3GAP1,494,682,744,696,775,548,582,660,534,834
WASH1,208,221,218,214,214,187,169,270,170,179
RPL36,111,100,140,94,99,145,105,113,120,124
AI015014,118,91,93,89,111,111,118,102,115,110
LTB4R,205,108,121,122,133,164,134,165,146,134
RGS2,464,491,297,427,332,511,650,1131,325,298
BU753911,110,126,107,143,111,145,133,139,127,133
GRAMD1A,288,361,391,302,264,319,362,789,536,333
ASXL2,619,594,626,572,598,604,724,742,715,670
DHX32,438,386,374,436,333,320,299,381,350,323
LOC284379,92,105,101,113,95,132,101,123,96,121
C17orf58,169,179,150,151,128,183,190,143,181,133
FUT11,170,134,177,187,134,149,142,124,182,123
CAMKMT,95,93,110,152,116,107,124,145,131,135
SARS,507,452,498,406,424,378,397,366,317,395
TRIM24,87,93,92,131,132,101,87,111,135,119
FAM53C,1509,1253,829,1019,1347,1176,1048,812,808,1052
CCDC84,179,161,168,164,237,216,167,200,160,358
KTN1,276,688,571,726,606,331,522,464,660,507
COL21A1,99,125,110,133,121,101,100,113,98,104
CD2,160,121,183,134,164,145,133,126,139,121
ZNF839,252,331,269,205,304,322,296,443,227,425
YWHAE,408,368,406,292,352,308,294,274,330,381
SLC35A5,441,641,460,413,396,324,430,369,382,363
SNX4,274,466,353,384,354,295,485,406,423,442
TIPARP,2124,1935,1671,2210,1321,1934,1620,1793,1528,1275
AFAP1L1,111,90,111,97,93,116,118,91,116,102
TRIB1,1345,1477,650,1183,3496,1507,1126,406,691,2980
UBAP2,184,138,172,179,211,159,144,129,150,200
MIRLET7A1,201,125,126,124,116,149,109,101,105,98
SLC22A12,122,104,97,112,97,124,105,105,142,134
NRXN3,98,100,98,98,97,110,117,92,132,128
CFHR3,93,93,98,91,88,87,106,76,73,78
GPSM3,837,792,819,819,518,978,874,1046,1046,593
CHAF1B,113,130,126,134,127,101,113,105,106,111
MRPL11,249,300,392,297,342,214,379,358,401,332
PGRMC2,916,960,1070,1079,919,935,696,837,803,584
PHKG2,172,148,154,162,185,164,194,209,176,252
ANXA1,98,128,190,169,128,90,153,201,139,174
DUSP5,8751,11505,8485,10280,15888,11086,8608,5073,6868,13650
TRIM52,110,107,123,100,137,139,119,132,127,146
EIF2B4,560,664,578,582,620,682,645,844,695,815
KLHL22,152,203,196,172,184,206,224,306,220,219
FLVCR1,107,112,114,116,153,109,105,136,161,143
MED21,134,167,139,182,166,133,139,130,163,144
SASH3,351,542,613,606,839,356,519,478,507,757
SURF6,529,495,521,459,433,594,471,591,541,592
HOXB3,112,129,106,149,112,119,147,102,134,137
SACS,109,169,161,214,134,171,192,250,252,182
ARCN1,1290,1075,1489,1247,1198,1063,1000,1024,1045,1182
TSPAN33,3086,5379,3228,3575,6050,2995,4164,1698,2948,4898
CEP70,83,86,83,95,97,90,103,90,109,108
TMEM126A,464,518,477,589,397,400,545,353,495,341
PRR14,3932,3525,2244,1649,3050,3050,2726,2354,1752,2556
C9orf69,299,280,315,268,237,180,234,336,250,234
BCL7C,258,276,260,174,229,198,387,318,215,217
CF887234,125,114,126,123,105,111,105,103,103,99
UXT,106,135,110,126,124,95,110,104,89,116
EIF4EBP2,158,196,259,199,222,164,220,238,238,289
TOX4,331,310,250,359,341,389,295,185,277,240
RNH1,372,267,341,263,327,274,270,312,254,278
NAGA,96,114,136,139,110,123,136,131,188,146
EXD2,150,222,165,173,178,197,218,191,206,219
RPS10,11444,12498,13240,9445,10529,13650,15604,14076,13571,13539
PHF1,271,173,156,164,190,198,145,145,142,159
MIR219A2,127,114,103,113,97,110,129,90,94,94
RBM3,478,503,774,782,723,366,390,606,1005,623
RPL14,911,567,990,852,1137,1165,593,1064,1087,1249
TIAM2,119,130,117,126,240,106,95,108,101,107
CDS2,190,283,233,347,302,182,248,184,271,237
ARF1,434,323,314,292,251,257,297,294,263,198
RCSD1,124,109,138,123,143,139,156,167,149,131
HCK,258,301,369,262,233,273,241,216,220,192
SLC25A26,95,96,95,120,125,107,116,107,131,114
TMED2,981,1167,1464,1688,1313,711,955,1101,1265,1156
RPS25,12498,14034,14969,14969,13097,12157,17621,16732,16956,15647
GUK1,1082,949,1155,904,642,1376,973,1277,1132,1013
LNPK,101,125,182,137,125,118,150,210,163,120
SMNDC1,753,772,783,659,649,815,631,583,470,645
CHST14,101,93,100,106,113,107,121,144,132,108
SAAL1,166,252,259,144,170,203,219,223,161,162
SENP2,387,299,257,328,312,322,261,233,251,268
EFCAB3,488,162,147,167,162,521,193,120,152,218
RAP1GAP,171,123,133,117,131,133,107,112,105,110
UST,118,120,157,148,125,124,149,198,181,126
SLA,121,119,124,124,156,129,125,170,148,153
TRIM46,114,107,125,110,135,141,135,138,108,106
MEI1,125,144,130,103,128,108,135,104,107,124
POLR2J,101,125,131,131,110,159,172,149,134,116
TXNDC11,332,253,245,204,380,252,203,212,188,289
DUSP12,185,337,505,318,269,278,379,493,401,309
ACAT2,105,99,110,114,108,133,127,118,134,128
RPL7,780,961,1322,2119,1147,937,1583,1275,2532,1367
SFXN5,98,107,112,116,128,115,143,122,133,152
HIST1H3H,124,94,108,117,94,138,90,89,90,92
LPAR6,98,107,131,119,143,106,118,154,141,151
CGB2,120,117,94,105,103,131,128,120,126,104
HNRNPA1P10,802,696,1021,897,1285,493,782,1068,1213,1611
BCLAF1,231,297,352,414,266,226,250,260,263,234
AA721481,151,104,108,103,89,124,101,102,124,133
L19369,100,117,127,132,128,109,105,100,109,107
RAF1,535,462,376,407,495,388,377,423,333,398
CTXN1,110,177,161,124,115,104,143,109,104,101
ARIH2,665,483,508,425,575,674,485,605,466,613
SIGLEC14,183,317,299,297,230,361,380,232,354,199
ZNF558,143,158,138,149,155,185,177,160,155,187
POLD4,111,125,142,112,123,111,146,155,136,175
BCL2,151,154,135,137,171,127,130,115,128,106
SNORD37,91,117,79,93,89,133,97,104,108,118
TMSB10,9295,13843,16087,12403,14378,10022,12470,13240,9896,11631
APOL6,91,98,111,118,118,90,93,91,110,108
RPL21,5936,4922,8067,9106,7653,5484,5823,6430,8318,7665
TSPYL5,106,162,126,153,153,176,254,162,193,182
FKBP4,760,471,362,640,285,527,395,320,660,206
PCNX3,289,265,252,178,350,263,270,184,172,222
LOC100130992,175,113,119,148,122,111,102,127,92,95
SESN2,172,126,107,132,127,101,107,109,87,112
TAF15,651,528,741,505,522,632,628,806,581,497
TBC1D15,327,244,208,384,314,395,215,215,264,287
PWWP2A,190,190,202,213,207,183,192,162,170,164
INPPL1,250,281,322,193,286,374,329,427,277,335
RTN4IP1,119,120,128,158,168,115,149,153,181,165
ZBTB45,92,167,176,159,140,134,164,189,191,199
VHL,214,272,254,239,315,288,302,430,290,410
AW085986,276,241,237,247,256,247,196,218,207,201
NSDHL,474,373,388,441,490,524,451,525,589,566
TSSK2,134,122,120,100,109,113,100,112,101,99
CHAMP1,156,251,271,222,215,186,265,423,355,194
TMEM189,249,290,255,256,282,277,369,304,305,347
MRPL15,178,405,542,300,279,231,390,544,357,283
EXOSC4,205,198,181,198,211,199,258,222,279,236
FBXO25,100,108,109,106,81,85,100,89,93,87
CREBZF,222,192,199,240,206,291,245,247,218,230
RPS11,11876,12362,13619,14229,12720,13240,15129,17357,18271,13007
TMBIM4,923,1896,2616,1834,1437,1302,2683,3106,2181,1732
SRPRB,308,305,458,450,304,272,329,424,367,416
FGFRL1,100,123,122,93,110,121,140,130,109,133
BG548059,108,129,153,173,112,153,153,308,172,135
ASF1A,263,324,372,285,270,350,320,348,274,339
ATXN2,662,541,471,478,474,640,528,612,568,543
MCRS1,927,1000,1016,736,1095,660,841,1189,760,914
BQ012211,158,146,129,141,128,126,113,118,140,107
T49384,127,97,97,103,111,126,109,114,127,122
ARHGEF18,899,1288,898,918,1231,837,1225,1092,933,1317
TBC1D32,640,245,243,359,608,1003,316,427,340,706
DUSP14,211,218,250,205,255,156,145,217,183,190
PDE6D,232,399,316,337,314,279,411,339,436,376
CIAO1,651,644,571,438,596,687,776,1022,617,708
GPX4,5883,5417,3781,3669,4425,5521,5883,3996,3669,5260
ESPNL,114,113,113,112,104,95,92,97,92,115
ATP6V1E1,3690,3626,3094,3418,3434,2937,2889,2502,2484,3368
AK000189,143,138,107,113,181,112,112,116,119,131
AW298173,114,140,146,143,149,121,130,105,113,123
LALBA,125,106,124,115,99,98,106,97,97,90
NUTF2,234,271,250,235,274,233,321,248,297,320
AMD1,167,206,260,338,219,169,179,184,285,190
HSPA13,114,140,133,162,119,113,101,102,117,112
TFPT,479,496,375,366,471,344,529,423,396,365
WDR92,134,161,161,155,173,136,153,201,223,191
RCC1,83,81,97,87,85,91,101,96,108,102
CMPK1,465,555,560,512,461,886,609,536,624,600
TUBB2B,254,224,159,137,308,635,188,100,126,340
IQCD,86,88,82,98,83,90,102,136,110,84
SLC27A1,116,141,155,122,118,130,145,218,123,145
CALML4,85,79,79,88,79,95,116,82,107,86
NBPF11,104,117,120,127,103,111,125,147,139,144
C2orf74,227,211,175,171,132,210,238,180,208,159
TSPAN3,549,577,749,751,782,543,755,890,1033,1161
RGL1,3575,5402,4525,4922,4692,5823,4296,3033,3950,3566
ROGDI,90,97,96,114,87,103,98,116,114,115
TMEM259,788,590,573,376,450,819,681,796,438,541
METTL3,225,233,263,215,268,277,310,271,299,275
UFSP2,498,523,438,395,266,715,521,420,624,350
PIBF1,97,117,108,111,94,145,131,101,128,102
CST9,116,123,100,124,110,97,106,104,97,91
RAB4B,439,435,541,335,432,274,376,486,367,308
PSENEN,177,208,210,186,205,158,172,188,231,155
AHR,259,158,171,184,139,162,162,144,120,137
AA906391,153,176,138,168,159,176,138,134,107,127
TALDO1,7752,6423,4927,6838,6308,5506,5411,3866,4823,6754
PNKD,102,135,146,125,141,158,161,107,163,167
RSF1,141,159,139,160,176,195,134,123,161,113
MARK3,224,177,161,180,192,201,151,144,138,179
LOC105371763,1128,194,135,180,195,1116,230,144,155,250
CTDSPL2,140,217,219,267,236,189,151,176,204,185
SRI,157,154,162,129,123,129,114,175,140,129
AA484452,188,154,167,149,168,158,130,138,141,152
SMIM19,556,825,797,544,471,660,902,914,607,509
PDP2,94,90,91,94,90,111,108,107,106,110
E4F1,843,659,577,501,595,955,652,802,481,706
ZBTB5,349,267,273,263,253,403,283,215,225,225
ARF3,210,307,343,282,358,277,365,392,407,298
TMEM50A,205,274,261,229,284,170,229,175,231,220
EIF2B2,327,320,357,385,286,276,310,275,310,261
COPB1,856,919,956,1044,964,949,779,755,914,805
NRROS,1310,1180,1073,1014,804,904,983,944,759,664
DEPDC1,81,75,82,90,88,90,109,75,98,98
CALCRL,642,606,1141,755,531,852,508,725,541,344
HYAL4,121,143,124,124,110,131,104,103,105,102
SUCNR1,373,167,179,127,135,406,183,262,161,198
THBS3,127,127,135,126,141,195,128,207,148,151
C1orf35,121,170,140,149,144,204,171,174,155,151
SERPIND1,110,109,113,144,106,140,131,114,143,106
PURB,788,685,658,687,645,993,728,761,812,901
DA532438,119,91,87,95,106,117,116,106,110,113
SIPA1L1,154,170,169,166,163,158,130,140,152,136
IER2,270,208,182,171,224,218,174,215,160,175
RANBP6,100,101,107,134,124,105,140,120,131,127
DECR2,115,125,138,131,134,144,158,156,147,180
NTN1,136,157,129,115,137,106,117,103,123,115
ACTG1P4,94,99,117,170,140,126,125,153,139,166
ZNF234,237,194,156,263,285,302,207,216,282,332
MTPAP,104,101,116,106,121,126,107,125,133,112
SLC15A3,1017,992,953,690,817,804,1149,1126,794,684
CASQ1,123,121,127,111,121,134,100,91,102,106
RYBP,1184,477,910,899,721,793,383,758,943,716
TRAM2,87,177,139,110,118,106,196,224,131,140
PRKCH,171,199,148,201,205,200,245,190,236,241
ZNF548,382,268,197,199,255,298,215,219,169,213
OR5B3,100,90,96,85,90,110,107,113,89,89
ATG12,950,1021,642,971,1627,1014,819,615,763,1555
HIST1H4C,5812,4431,6077,5917,4267,4553,4904,6943,5670,4525
INO80D,766,539,563,584,669,552,485,493,410,535
CAMSAP1,109,178,174,134,134,146,159,252,170,147
DPYSL4,171,113,119,109,100,162,95,96,89,86
RHOT2,467,392,277,262,353,420,418,418,253,340
ALCAM,1385,1139,960,1124,1049,1769,948,433,796,1211
BX090629,146,101,102,104,115,125,122,123,122,127
COL8A2,119,122,153,141,133,168,156,158,161,109
GCC1,540,422,392,442,443,439,369,373,330,456
GBF1,222,193,170,193,234,157,163,172,160,204
DB297053,123,103,127,95,103,130,112,130,99,123
RAB10,2676,2777,2939,2792,1843,2436,2553,2198,2344,2067
BX103476,132,128,126,145,133,157,158,170,156,132
SEMA5A,112,102,98,92,93,116,162,139,113,97
ATP6V1H,764,926,792,816,874,756,727,453,663,689
TMEM64,93,114,139,131,102,84,96,110,118,89
CPS1,108,90,114,93,93,113,110,95,116,102
MRPL1,224,281,240,335,307,333,348,201,295,395
FBLN7,96,93,99,114,120,87,116,158,123,117
GDPD3,96,100,89,101,104,155,113,113,125,118
CD3EAP,92,105,92,101,93,95,110,116,107,111
NDFIP1,100,98,150,133,109,115,119,135,132,129
CCNG1,94,105,132,144,135,111,101,128,122,101
PLXNA4,99,92,89,91,96,109,110,103,113,102
CNOT8,920,955,773,970,729,786,732,985,777,674
UBQLN1,433,383,378,492,463,370,325,272,412,366
IL5RA,157,152,140,117,104,122,118,109,110,118
RBM27,207,221,206,199,250,204,167,150,189,175
CCDC115,230,235,313,286,254,210,419,380,301,256
AW516314,208,196,161,175,144,148,175,160,135,146
ATOH7,132,97,127,114,101,109,96,104,94,90
CTAGE15,139,123,106,115,195,94,104,101,119,112
GCHFR,124,139,172,114,129,153,221,261,141,153
SPTLC1,117,121,149,151,152,117,122,126,147,145
ZNF595,96,93,94,89,88,95,122,101,110,110
PRKCD,973,1498,1367,1255,1470,1528,1618,1405,1630,1734
LRRC36,99,119,106,90,91,117,116,114,121,126
MYL12A,2568,6775,4823,4946,2812,5936,7870,4075,3813,3177
NIPSNAP3B,161,122,142,134,175,165,149,191,168,188
UBE2T,148,159,164,158,127,143,187,187,201,171
GSTO1,1047,1761,2198,1605,1087,1761,2585,2498,1900,1509
BG822004,112,95,101,93,88,136,92,95,126,112
EPRS,997,898,967,902,811,832,984,1069,1067,1144
NBPF3,545,403,359,462,733,733,492,359,546,720
CX782731,142,126,131,128,110,126,108,102,120,101
KDM6B,153,133,152,124,148,174,130,109,125,118
TPM4,153,234,172,171,134,156,133,132,226,145
ENTHD1,119,89,120,103,113,105,94,95,95,104
AP5S1,209,189,155,146,200,173,174,160,141,152
TFPI,226,200,305,161,280,267,249,267,150,423
BCL9,184,241,197,185,180,166,146,203,151,156
PAK2,725,706,668,734,559,977,668,835,1055,650
PANX2,682,381,252,286,252,483,236,242,171,259
LIMCH1,87,77,85,95,146,84,103,104,94,139
KCTD11,105,103,104,133,111,105,134,114,126,125
CCDC94,163,153,136,142,169,136,129,112,111,147
KIF21B,92,89,94,108,92,102,117,117,103,109
KCTD14,116,117,128,121,165,102,128,102,88,118
TCF25,1930,1660,1597,1416,1970,1963,1763,2322,1696,2601
POLE3,2128,2676,2313,1977,1982,2335,3064,2766,2517,2179
PSORS1C1,111,102,107,101,115,99,144,127,157,120
PIK3CG,458,517,552,418,815,275,612,626,415,1038
TXNL4B,159,164,128,139,139,124,106,114,122,118
LOC100506422,121,125,108,139,131,121,99,111,105,105
BTNL8,89,99,89,105,90,108,97,91,116,107
TMBIM1,225,228,245,254,198,293,238,313,269,211
ZFP62,98,97,126,100,102,103,119,123,128,103
C19orf52,238,251,222,233,228,168,202,197,189,219
MGAM,103,125,97,125,145,102,92,108,105,115
SDC3,133,108,113,113,106,95,115,91,103,95
ELAVL1,126,145,148,178,139,171,201,169,165,173
EGF,98,112,119,110,120,94,94,103,92,100
OTOF,98,97,116,73,90,82,82,82,97,88
KDM1A,311,441,548,386,428,334,375,556,506,587
SNORA11B,93,93,96,109,102,113,102,114,131,105
FAM134B,82,117,221,108,100,84,93,93,83,91
BX107250,105,123,129,139,105,146,148,144,144,151
AGPAT4-IT1,105,101,105,129,121,110,127,125,120,127
HLA-DPB1,617,462,444,419,306,744,484,570,525,305
KIAA1211L,94,96,102,109,92,112,112,123,121,114
XKR5,92,120,95,86,90,114,111,109,99,97
CYB5R3,1675,2916,3429,2668,1749,2357,3154,4200,3386,2257
TSPO,205,200,262,211,174,210,292,374,243,176
TOMM7,2715,3549,4968,3271,2450,3717,4158,4644,3866,3090
NPDC1,115,126,99,114,110,110,96,112,94,91
SEPT6,182,187,255,308,206,157,217,243,320,245
BORCS6,137,148,160,131,108,153,160,171,163,210
ACLY,713,830,906,708,1061,760,1100,981,973,1122
NACC1,145,121,134,121,135,113,108,119,118,109
RMDN3,353,508,622,629,584,486,690,695,778,628
PCDH11X,96,97,100,106,107,142,106,108,126,119
FBRS,1007,686,501,494,585,1092,695,663,525,691
PGK1,1318,989,2050,1477,870,1693,1317,1558,1590,948
TARBP1,206,294,272,259,281,264,317,693,322,553
PRMT2,229,190,280,210,171,177,171,239,184,173
CDK2AP2,189,206,292,203,160,160,154,227,187,172
TRADD,136,196,185,167,136,118,155,141,181,138
CSAD,241,176,116,145,205,287,201,208,155,280
H10060,104,105,98,115,137,124,133,110,127,123
TMED10,285,268,382,269,187,318,314,507,395,248
PLEKHA2,845,1001,1047,910,804,795,1075,1498,1120,730
CNTRL,189,248,213,217,220,218,257,259,206,301
FLII,203,189,212,153,186,280,226,224,150,201
SNX5,272,237,172,273,254,217,300,278,349,317
C6orf89,110,132,167,155,166,115,131,105,137,154
BX092639,124,140,133,134,153,158,170,131,131,158
STIM2,129,141,117,158,153,157,158,179,170,167
DYRK4,146,138,368,205,189,224,194,391,293,214
SUPT7L,88,95,87,109,89,105,88,97,105,110
RACK1,15471,17705,18229,17190,13916,20301,20749,20133,23761,17425
TPCN2,105,167,183,139,157,172,188,624,171,185
LRP5,82,82,88,98,96,98,105,127,102,107
LAT,104,93,95,99,102,117,122,147,94,115
MNDA,107,194,121,192,138,122,108,108,120,116
VTRNA1-1,150,163,129,172,182,192,138,124,127,148
FEZ1,152,169,197,190,159,137,128,172,159,143
ADORA2A,294,187,203,172,186,193,138,219,135,158
SETD6,96,126,112,104,125,111,121,137,133,143
SRD5A1,149,150,149,165,144,140,133,117,119,126
FKRP,149,156,161,163,163,146,136,136,124,131
SEC11A,2195,2166,1946,2254,2676,1122,1859,1590,2047,1915
LYPD3,99,87,84,86,92,95,107,96,108,103
GPR137B,482,402,337,339,396,499,335,218,275,402
SH3BP5L,134,131,174,131,164,158,133,161,141,165
MEX3B,108,120,127,128,116,117,167,156,134,142
ATP11B,550,725,570,595,485,673,817,613,742,635
FAXDC2,121,126,111,100,102,112,90,111,94,91
WDTC1,108,106,119,117,124,122,85,99,109,98
KIAA1191,718,1007,725,788,828,624,733,713,668,592
AARS,3082,2259,2358,1874,1644,2318,1915,1862,1804,2148
FSCN1,20855,25334,17357,17931,21948,23761,19175,8732,15604,17674
DTX3,91,96,89,100,99,95,117,119,96,113
MRPL12,361,343,260,250,284,255,295,239,210,240
GSE1,122,116,125,118,134,141,137,166,144,171
GGT7,83,87,87,87,90,86,103,108,102,95
SNRPD1,140,160,151,140,146,131,175,172,180,149
FBXW5,315,325,282,248,294,317,395,342,347,385
CAPRIN1,301,309,256,295,234,353,321,250,227,239
TM2D1,1205,1251,1145,1141,1008,1351,1488,1361,1260,1222
REPS2,102,117,109,127,102,104,137,129,133,126
AV737317,1058,492,861,1182,1181,1683,588,1222,1249,1677
MNT,185,189,203,177,209,171,156,155,160,203
FAM205C,156,131,129,137,101,105,111,116,105,125
AA134590,171,121,126,134,155,176,126,158,130,158
TUBB6,105,132,171,152,130,121,156,181,227,148
SEC61A2,246,178,173,156,226,447,211,188,188,225
TRIAP1,389,492,407,430,411,396,603,466,485,529
TEX30,249,254,276,320,241,272,300,485,394,286
NEDD4,103,120,123,128,114,109,120,102,95,101
CHCHD1,183,261,258,257,220,200,317,217,296,218
RPL31,6903,8784,12019,9493,6587,8044,10358,12157,10877,8910
ZNF787,413,440,411,390,348,458,512,657,484,321
GOLGA5,363,334,327,426,445,269,308,264,314,429
RAB5C,342,243,241,279,350,237,260,198,235,262
DOCK1,205,229,231,311,232,256,272,355,420,233
ATP6AP1L,94,94,104,127,120,123,107,134,117,128
STK25,287,444,590,392,466,376,339,472,341,557
SYN1,138,114,180,155,156,131,135,137,132,126
BF511024,107,128,116,120,124,109,102,99,99,106
ZNF200,166,158,198,187,159,134,148,132,141,145
BEND4,225,152,153,166,119,122,155,173,129,111
PPIA,97,95,109,125,101,119,114,125,147,101
RUFY1,130,189,147,160,179,180,207,195,174,188
VPS45,252,282,292,294,296,334,329,389,344,373
RBM11,120,112,111,134,127,111,112,96,102,102
HNRNPF,110,155,143,139,134,144,118,105,197,117
NME6,199,198,245,189,220,147,169,190,162,186
RPF1,418,469,332,542,473,332,398,251,516,412
MGC72080,200,261,286,216,224,190,216,227,159,172
NDUFAF7,419,232,246,271,420,444,237,295,319,509
SURF1,167,250,219,182,222,222,275,258,249,268
TERF2IP,534,475,633,651,743,533,506,870,746,947
DCLRE1A,82,130,131,113,121,98,143,150,126,146
CYTH1,900,802,623,634,1287,989,681,639,555,1022
SLC52A2,460,481,464,349,423,391,371,392,275,411
CEBPZ,2003,1485,1182,1583,1274,1960,1261,795,1276,1203
TMEM119,99,144,85,107,226,104,187,84,126,197
NIPAL2,97,106,99,102,97,117,93,100,170,119
TFB2M,248,201,246,201,197,207,239,276,237,185
TMEM185B,217,189,179,234,198,168,161,171,194,151
MB21D2,122,252,263,235,211,132,276,281,286,243
AP4E1,195,243,265,223,229,240,270,270,277,326
ZNF335,177,144,116,124,175,117,122,123,97,158
ADAM17,415,270,237,306,347,283,226,226,260,433
DA877611,138,143,138,125,156,117,176,116,141,111
H55152,111,153,134,91,144,111,116,114,107,126
FLYWCH2,108,131,124,120,113,103,163,128,147,142
IL12RB1,110,158,109,121,173,124,146,120,142,178
TCF19,103,86,86,85,103,107,97,97,106,102
CCT7,1099,2295,2201,1391,1516,1621,2312,2304,1785,1567
LTBR,251,229,302,228,297,295,290,323,284,336
CDK16,100,136,98,96,93,103,116,122,102,115
AI885611,89,111,116,92,94,119,106,109,114,110
NOSIP,1073,1116,932,904,1416,821,1210,840,912,1113
VAMP3,414,359,329,313,338,287,306,275,297,243
PLD1,114,98,114,114,112,96,100,88,89,116
PARP10,2352,2618,2349,1920,2387,2324,1998,2172,1766,1875
MIR875,111,103,121,101,108,92,104,99,87,91
REV1,394,277,270,311,362,465,367,392,332,344
SRBD1,322,445,375,376,451,320,359,232,318,381
MRPL54,483,815,891,708,656,375,834,927,926,550
TAS2R20,98,97,113,103,110,122,127,110,113,139
UCKL1,215,278,391,253,233,250,298,512,253,311
ZSCAN32,263,306,351,324,335,269,275,333,271,287
UNC5CL,171,139,121,120,125,205,161,128,146,147
UBE4A,473,421,365,431,492,512,507,465,418,544
PSMD6-AS2,151,104,148,122,132,104,115,112,108,129
HNF1A,105,97,95,123,96,114,92,104,114,114
UBP1,534,805,1010,837,1046,575,707,712,711,833
KCNK17,90,100,90,103,91,112,92,94,107,171
RAB7B,128,85,103,98,84,224,90,109,120,116
MAPKAP1,212,246,205,301,308,251,289,215,331,296
AW013809,129,124,130,125,137,99,132,114,110,106
TNFSF18,93,116,103,153,155,102,93,94,115,98
BI094776,140,115,138,126,127,118,106,108,107,130
GFI1,137,140,132,127,261,147,162,179,131,198
BCL7B,132,145,142,153,158,111,123,110,127,131
CEP68,90,113,108,111,85,99,127,136,124,131
HLA-F,6570,9579,9092,12045,14512,4730,9493,7286,8143,11403
POLR1E,455,421,389,306,313,499,458,484,420,359
ORAI2,107,120,109,94,114,102,135,128,114,149
TCTN1,177,140,158,181,165,196,193,241,184,194
RPS24,132,184,236,256,178,150,209,231,301,217
MPP1,224,119,177,172,184,121,178,211,208,223
UBE2F,3250,3950,4357,3729,2781,3611,3170,4495,2869,2368
PPM1D,255,301,211,266,219,218,237,191,217,210
DCLK2,78,93,86,86,90,102,87,111,86,125
EIF1AY,307,109,355,338,123,488,119,361,420,108
ADAMTSL3,140,104,107,136,151,115,130,105,115,128
BRCA1,85,84,83,92,93,95,100,88,105,138
LRRC47,304,413,380,341,368,350,432,434,380,522
LRRFIP1,904,572,477,637,676,1330,750,510,609,749
C1orf174,443,412,412,377,286,399,422,350,312,233
CHST2,162,199,177,156,292,139,161,216,208,411
HACD1,236,203,267,209,141,246,259,572,244,148
CIR1,710,521,283,493,641,572,444,245,419,454
AI214903,105,135,94,108,110,145,115,131,115,128
FXR1,425,480,518,568,428,409,447,350,440,325
HNRNPU,649,380,338,403,548,732,324,473,442,542
ATPAF2,94,120,130,161,124,129,146,163,163,144
GAL3ST4,157,134,120,106,139,160,135,157,127,169
RAB20,91,99,103,116,118,110,121,169,142,110
ALG13,162,179,172,194,163,137,156,146,159,142
SNORD100,128,141,118,140,155,119,125,117,111,123
LRFN4,195,128,130,121,151,153,129,216,143,182
WDR11,103,125,250,187,122,134,133,241,196,147
CSNK1G2,2550,3069,2948,2084,3159,4322,3543,3465,2436,3465
GINS2,80,87,97,90,107,82,98,107,107,106
RPL29,207,186,145,239,179,210,288,156,426,219
FAM122B,201,226,235,201,233,266,259,284,235,290
FTH1,1474,811,783,787,515,2333,744,575,670,527
C11orf71,158,137,153,202,145,142,139,121,130,116
MFSD14A,302,338,292,460,480,288,264,196,318,354
MIF4GD,224,267,378,280,223,263,373,693,314,273
L3MBTL1,108,95,114,109,114,128,116,129,109,134
CCDC191,88,101,94,89,109,102,96,111,117,128
CBL,252,251,269,257,200,393,263,311,296,237
QRICH1,168,134,170,156,282,171,133,143,143,212
TARDBP,295,145,153,188,199,387,217,221,178,277
ST14,90,104,104,112,96,118,122,155,161,107
PGPEP1,93,99,103,97,98,103,114,115,116,123
ANAPC10,546,534,412,570,346,476,500,290,454,307
MAGEB18,135,106,100,114,110,101,85,104,85,94
CASC15,127,132,123,120,141,102,116,108,102,148
RBM12,405,442,407,445,440,375,427,306,367,432
POSTN,127,121,112,99,123,98,118,100,112,103
DONSON,184,135,162,182,155,200,133,145,132,138
SLC41A1,256,177,126,165,146,199,142,107,141,124
EPN1,979,904,714,668,810,951,997,912,756,1015
ZNF148,691,493,470,704,912,924,609,501,812,1255
CLEC2A,106,97,117,92,98,115,118,116,84,108
MRPL13,710,1044,916,836,660,732,1040,705,712,552
MS4A13,104,100,116,117,120,99,95,112,92,100
SMYD4,132,168,122,131,144,192,184,152,155,146
RERE,131,188,292,239,254,182,204,211,202,205
CCT6B,107,124,153,120,145,124,151,146,135,160
AMER1,95,96,87,93,91,109,109,99,110,109
PIK3CB,87,76,102,107,85,86,94,111,127,102
CKAP4,125,151,162,154,207,111,136,143,131,129
SNHG8,2637,2388,2706,1481,1573,2668,2034,2098,1217,1355
CHD8,1118,985,988,1075,1489,1040,837,836,916,1416
LMBR1,300,436,333,326,287,332,293,277,258,212
SPAG16,75,82,79,91,80,94,84,80,99,100
NUDT16L1,284,286,239,190,201,278,412,416,269,280
CRKL,1418,1254,1474,1134,1075,1540,1472,1829,1321,1044
RFWD3,542,465,408,395,572,412,384,396,378,503
SNRPF,1251,1570,2247,2150,1582,903,1857,2041,2335,1650
NDUFC1,515,489,566,452,268,517,417,412,433,298
BX118761,158,134,145,135,147,161,99,129,116,124
NUCKS1,3009,4495,4553,4382,4676,2948,3830,3035,3881,3853
RAB13,509,502,472,471,691,686,459,469,590,900
CA5B,159,152,154,145,116,193,148,125,130,124
PPRC1,1101,638,532,676,776,754,567,403,576,647
CNTLN,115,98,117,117,114,100,95,125,98,90
ZNF121,111,98,100,116,104,132,132,112,122,97
ANKS1A,240,203,187,189,221,274,238,315,179,200
PRPS1,238,324,410,335,234,287,393,414,380,285
EMC1,143,235,184,193,196,206,249,214,226,246
ANKRD10,872,904,599,867,1322,1091,1023,867,927,1631
DACT3,403,293,246,264,189,394,172,225,255,169
FEM1A,612,525,516,581,665,414,523,488,495,520
PTPRN,110,123,104,99,115,106,103,93,87,94
EPC1,143,154,178,195,259,127,152,149,160,177
SCYL3,469,581,423,511,492,497,446,396,419,375
LCOR,722,504,596,710,996,889,552,507,605,1012
SNORD14C,128,121,139,153,159,116,127,119,111,144
NT5C2,1233,947,770,1045,941,1640,1069,1110,1079,1234
TMEM168,112,126,118,127,144,167,148,129,133,170
SIT1,122,123,132,115,98,109,139,278,180,143
SMPDL3A,95,102,116,110,109,96,97,87,93,76
ARL13B,157,150,140,144,172,164,128,124,130,126
KCNH6,9678,4637,4226,5948,11254,9493,5113,6975,5444,11594
CLPP,509,406,365,344,290,442,478,428,413,353
USP16,702,625,520,671,704,651,574,456,496,572
AV735490,157,258,229,247,193,147,242,170,201,195
BG462007,95,115,115,110,111,142,108,150,109,131
NPC2,5085,6719,4180,5339,7107,6260,8016,6005,6167,7653
OR10AD1,137,156,134,121,103,105,114,120,125,105
PCIF1,132,143,124,127,124,109,121,120,106,106
EMC8,199,201,227,182,185,156,154,170,176,206
RABAC1,502,606,868,559,362,497,477,875,470,337
SNHG1,1552,1318,1106,1343,1124,1773,1409,1107,1124,1123
MINA,102,98,118,96,101,98,119,120,119,128
CYBRD1,116,107,116,127,119,110,163,178,136,134
CRY1,411,377,285,275,174,330,266,243,227,162
SYMPK,239,247,172,180,228,252,194,169,179,214
ENTPD1,100,239,198,150,281,114,253,319,171,232
IK,432,640,719,616,766,394,542,546,671,682
BX089654,117,110,134,114,117,124,95,100,96,104
BTBD10,224,246,247,329,284,191,211,195,259,222
MRPS31,406,565,486,560,625,408,538,435,567,478
MED6,1501,1378,904,937,959,1167,916,819,775,728
C9orf85,165,189,195,212,155,159,211,140,191,161
ADAM15,92,88,104,89,102,95,99,122,127,107
RGPD2,87,87,94,112,81,102,102,88,115,103
MBOAT2,110,97,100,126,141,128,124,102,137,136
EIF5B,368,284,286,373,375,315,272,260,367,314
HECW2,111,115,113,125,133,89,96,102,98,114
KCNA4,110,121,93,108,93,114,92,93,92,88
LMOD3,572,311,245,329,575,614,337,386,290,549
APOBEC3F,182,269,317,272,246,189,234,229,263,225
AA889171,125,145,113,152,144,113,116,125,123,132
SCN5A,133,124,112,107,123,117,104,117,105,103
FAM72D,112,108,145,127,127,114,108,92,108,121
PSMC4,248,239,256,383,295,175,240,219,273,211
AI809077,136,109,128,124,107,130,100,106,95,130
LOC441204,104,102,128,116,115,98,106,96,106,96
AA526513,144,101,142,127,132,125,110,128,103,113
RNF138,273,310,208,278,235,259,238,168,233,196
BM673749,159,159,164,133,173,118,162,136,153,124
BX119186,119,130,118,103,109,107,100,109,99,101
NAPG,170,153,168,200,238,146,146,145,140,145
PICK1,104,130,115,129,157,113,152,158,149,162
ABCC2,97,88,88,89,112,107,92,89,105,116
DEDD,416,424,392,457,508,337,362,320,461,495
GLIPR2,318,196,472,254,259,304,202,397,296,383
FIBCD1,136,111,112,107,102,139,130,135,116,106
ATG3,107,141,118,175,145,123,97,118,120,128
ZNF532,108,120,161,140,142,114,120,117,140,142
C3orf58,112,124,148,159,123,137,180,146,153,138
PKP4,193,170,191,153,140,200,215,175,214,188
SLC5A8,381,204,171,216,320,329,192,220,253,281
NDUFS2,107,166,134,143,167,143,145,168,188,181
MREG,273,221,179,201,256,197,182,153,196,188
TOMM20,1493,1479,1550,1138,808,1732,1872,2105,1425,1327
JTB,1946,3465,3294,2517,2920,2792,4002,3903,3138,3418
LRIT2,88,123,100,89,82,104,110,100,120,88
CS,2130,1937,1756,2010,1532,2013,2447,2267,2328,1808
NAA16,173,153,136,147,144,177,173,173,168,159
RCL1,154,155,143,197,179,143,198,143,201,181
CELSR3,108,89,79,91,86,119,79,96,108,105
INPP5B,176,196,175,203,248,230,225,184,261,285
KLHL9,309,455,482,573,441,307,389,306,389,402
RAB32,133,107,129,143,136,141,158,153,187,156
SCNM1,239,369,345,329,316,278,422,353,529,384
SKIV2L,562,472,372,324,481,672,573,552,368,537
PSMD14,1190,1352,841,1281,874,1017,1180,607,1073,828
LPP,231,244,250,238,201,225,250,337,322,279
ANKRD28,120,125,111,98,119,132,140,151,123,139
HEATR3,119,142,153,144,169,138,168,143,185,186
PDZD11,137,115,115,118,98,102,95,98,90,105
IL15RA,89,89,93,106,101,98,108,108,111,110
DCAF4,152,144,138,134,161,147,182,168,159,181
PPP4C,1126,1021,969,856,1227,876,730,847,872,1103
KLHL15,86,100,90,105,103,88,85,78,96,85
IVNS1ABP,305,199,327,261,153,333,223,183,228,180
AP3M2,163,241,331,255,194,216,277,438,282,286
FAM133CP,316,244,286,301,326,257,227,228,339,406
LIX1L,218,257,273,219,139,265,277,256,251,185
TMEM187,153,178,203,190,151,152,176,151,166,130
NPTN,1372,1361,1281,1172,1037,1072,1285,1135,1085,1095
MTMR10,898,536,705,608,692,809,671,900,957,556
MRPL45,112,124,165,176,128,122,150,169,169,150
BCL3,384,590,421,398,584,676,607,448,478,492
ARF5,233,324,531,382,307,225,347,592,379,384
NXPH1,93,105,108,101,107,88,89,90,93,107
FAM104B,106,107,113,129,118,136,96,137,133,123
ATG10,93,106,111,116,116,87,93,95,107,117
COQ6,237,235,190,197,183,230,204,258,227,233
KBTBD6,95,96,104,107,109,109,113,124,122,124
GOLT1B,242,236,281,286,245,282,209,177,255,199
LGALS8,440,447,443,551,546,412,381,356,383,503
MRPS34,107,111,173,145,130,117,152,164,153,121
BF510602,104,104,111,114,102,98,125,101,121,125
NIF3L1,423,597,607,608,501,523,698,865,819,666
NAA35,121,154,144,162,135,146,134,113,123,116
BX108712,121,102,121,135,114,105,103,122,93,83
POLG,220,237,325,275,229,244,286,290,249,277
PCBD2,107,96,112,86,98,122,114,125,106,96
STK40,546,623,587,614,636,718,716,742,725,590
MYCBP,92,80,97,88,94,90,102,110,118,107
HNRNPCL2,136,145,161,206,187,138,125,136,173,203
UNC50,861,955,951,947,851,927,1107,1307,1173,1073
AI939596,161,140,119,104,116,102,101,102,100,109
RPL26L1,405,402,428,420,339,339,355,340,378,347
TNFSF13,90,87,93,118,88,102,103,111,112,105
HES1,154,155,117,133,127,132,113,111,109,128
SNORA78,121,107,92,99,108,118,92,91,87,99
ATP11A,115,123,114,109,100,124,97,92,102,85
FDXR,112,101,102,154,87,115,155,109,126,119
RNF220,239,272,261,275,334,253,317,350,279,333
HLA-A,16465,20365,21091,18304,24339,17425,21764,15129,17190,22303
SNRNP200,119,121,149,133,132,174,153,170,142,155
MYO1B,418,383,483,333,169,950,425,284,327,193
MTMR11,109,108,144,120,151,100,90,103,106,109
MBOAT7,595,284,376,293,301,593,352,559,245,237
NT5DC1,89,109,121,124,124,104,141,148,147,131
AW971884,93,99,106,92,96,113,92,114,107,113
MMP11,121,113,92,106,118,111,148,151,132,111
ANKRD36BP1,111,112,151,161,140,112,120,127,134,114
OR51T1,107,96,118,96,91,123,112,126,112,111
PAN2,228,176,191,152,180,256,159,225,202,210
AGA,151,217,157,179,146,168,232,183,180,185
POFUT2,338,224,199,242,292,262,207,210,183,198
DA236664,110,104,107,123,118,122,107,135,137,129
FOXB2,81,85,89,100,85,99,78,87,105,108
EPG5,146,150,126,122,196,150,125,116,122,142
HDAC4,97,95,133,113,117,102,132,143,134,104
RPP21,1346,825,880,697,599,1078,964,1439,795,845
HNRNPR,158,230,208,237,207,178,178,175,243,184
PPP1R18,896,726,602,707,812,1011,823,611,1097,848
DNAAF2,122,184,135,133,124,126,177,155,164,142
FAM86HP,128,149,128,130,112,150,150,181,154,138
KDELR3,110,110,109,84,91,108,113,93,93,83
CAPSL,120,129,128,125,100,123,103,113,105,107
ZSCAN29,148,186,128,161,160,131,137,126,145,180
EXOSC3,314,499,395,446,442,302,458,378,476,351
ATF7IP,147,160,125,121,138,133,118,114,104,129
CAMK1G,111,110,103,117,144,139,130,131,114,118
TMEM209,323,375,334,349,430,295,407,324,441,502
HNRNPA1P33,1049,968,1304,1504,1572,932,1025,1522,1824,1605
AXL,193,148,166,188,267,274,127,136,161,163
TXNDC9,331,485,396,479,533,303,411,280,438,421
SEC22A,313,357,319,282,356,444,384,372,294,346
LST1,368,277,539,276,211,324,291,744,327,161
CCDC138,102,145,122,116,129,130,154,143,128,144
CUL2,394,415,494,458,517,392,374,327,476,396
AI923724,120,134,118,122,110,103,95,98,112,114
ADSS,368,500,488,435,341,366,455,466,373,292
AUTS2,275,642,396,290,734,340,501,339,326,576
SLC7A3,99,80,101,101,84,84,85,87,91,74
MIGA2,268,197,180,209,236,261,215,243,204,259
FADS2,145,134,112,103,107,138,136,131,131,118
AA722181,92,99,87,112,111,113,116,135,110,116
C11orf54,418,270,280,254,308,386,327,315,309,349
ST3GAL2,677,705,705,560,681,788,490,584,501,583
PHC3,198,184,137,184,254,165,163,110,134,158
SMURF1,146,167,171,146,175,142,158,129,155,143
LINC01364,132,105,103,97,119,120,123,128,103,122
TMEM128,259,112,300,248,177,328,99,268,212,183
EIF5,250,167,152,197,225,197,169,162,151,184
ZNF19,95,96,90,104,96,118,121,97,103,111
MEX3A,129,124,174,128,140,165,146,126,151,172
MATN2,84,86,88,91,101,86,102,84,111,102
HEXIM2,140,141,108,114,131,106,161,101,114,113
PPAT,294,266,222,294,195,220,228,276,330,217
RPL3,10877,10994,11565,11804,9579,15647,13539,12821,12045,11804
BIRC8,83,82,81,76,83,96,94,77,103,101
OR9G4,78,97,87,79,99,101,109,91,106,90
AHSP,161,125,128,133,131,139,119,107,106,112
FOXRED1,292,210,199,222,263,347,259,243,245,321
UBQLNL,188,101,105,122,174,228,136,142,123,151
SF3A3,1114,1166,1024,748,1187,1018,1299,1290,1351,1753
CMTR2,203,225,222,250,217,190,193,174,214,174
LINC01278,153,173,157,148,140,180,177,182,178,171
GTF3C5,260,229,203,256,239,205,241,191,195,227
SQLE,1456,1026,1538,1408,1306,2177,1642,1474,2135,1187
CCNA1,86,100,97,101,136,86,87,77,84,97
SLAIN1,102,102,119,121,109,109,127,135,133,116
LCE4A,107,104,90,105,101,88,97,92,84,89
CDKL5,85,94,86,88,100,91,111,81,104,103
KIAA0391,269,413,336,343,299,405,466,392,376,380
BM458889,102,106,114,115,101,90,86,112,89,95
TSPAN2,111,110,119,116,108,139,138,116,129,116
STON2,86,100,104,108,97,98,85,90,85,86
POP4,291,268,360,349,358,219,345,294,300,322
AK123915,220,296,350,287,199,190,335,475,474,295
CIB2,117,215,287,196,272,223,261,270,250,250
MROH1,92,94,101,93,99,89,111,110,99,116
DEK,952,1224,1368,1563,854,811,1050,1091,1393,880
ARHGEF10,121,107,142,125,135,113,146,286,124,153
UBTD2,182,201,164,163,157,130,164,141,171,133
DUS3L,349,237,295,273,280,243,227,240,236,254
CLASRP,213,191,232,172,229,304,314,204,197,248
EBNA1BP2,777,866,836,985,807,681,1046,939,1125,975
HNRNPA1L2,95,129,142,150,179,107,136,165,176,214
HMGN1,4219,7042,4483,5049,4377,4723,6903,5223,5107,5492
MIR1229,110,127,130,110,128,117,109,102,129,107
CDKAL1,110,174,134,134,217,115,109,110,125,132
MIR200B,106,118,92,114,123,98,92,113,108,98
USP9Y,144,88,154,200,87,167,85,124,178,100
KCNMB2,102,104,118,94,101,101,119,145,125,118
ZNRD1,165,210,227,259,158,199,258,253,237,244
RBX1,2621,3423,3958,4164,2545,2242,3872,2726,3496,2939
POC5,217,289,275,305,339,278,358,337,303,375
FBXO41,97,98,105,98,107,100,104,115,117,115
MXRA7,108,95,97,103,147,116,130,103,122,120
RAB19,105,94,107,91,107,87,90,101,105,86
APOBEC3B,98,87,81,97,103,83,82,85,80,94
OCSTAMP,100,101,97,123,111,116,133,118,120,114
DRAM2,109,131,153,171,219,131,203,176,293,178
ACKR3,101,100,382,134,93,98,85,86,86,88
CN283269,158,120,154,132,163,183,141,123,124,132
ARFGEF2,124,147,152,164,137,118,135,108,126,133
CCM2,2726,3204,2220,2197,2609,2121,2410,2504,1716,2240
SARS2,200,213,243,221,243,223,258,266,208,282
SLC11A2,369,280,213,212,249,291,214,172,158,312
MIR573,115,94,94,97,95,117,121,103,100,110
PLXNA3,147,136,137,106,132,163,113,124,106,117
TLX1,94,89,93,90,105,92,92,110,108,109
ZNF74,94,106,131,93,86,91,102,135,110,112
C1QC,130,114,117,101,110,101,98,120,91,93
IDH3A,413,544,738,560,824,562,653,628,766,865
CREBRF,348,279,292,293,332,421,294,210,227,252
UQCC2,386,456,413,405,345,348,553,376,550,471
WDYHV1,140,166,164,167,137,159,136,129,155,141
APH1B,177,203,270,163,146,206,210,279,171,189
TCEA1,206,239,376,434,201,215,278,317,417,188
BU734093,188,184,168,147,165,168,164,135,144,137
OR56B1,158,120,136,122,129,122,116,108,111,111
ELMOD2,130,234,200,177,215,161,218,163,171,181
DCTN4,400,376,255,391,429,358,336,254,250,485
RNF7,88,97,102,102,105,87,83,90,86,116
ATP2A3,101,114,109,123,138,100,157,133,137,121
DUT,89,92,89,106,103,99,85,107,114,109
RBMX2,318,304,308,308,333,349,265,254,220,280
HTRA4,131,143,114,120,136,129,112,123,101,112
HHAT,88,86,85,81,119,84,90,104,112,100
DGAT2,89,98,93,129,130,104,115,110,155,134
ARHGEF19,119,113,113,130,159,109,102,115,101,102
C1orf122,430,438,319,267,258,274,341,314,247,235
LILRA2,86,108,92,89,93,98,97,113,107,108
RUNDC1,348,414,326,394,328,405,421,399,396,409
GALT,128,137,157,145,142,146,155,176,165,173
ATG2A,255,273,229,200,222,369,340,266,181,253
ING3,123,110,143,156,133,101,116,111,146,114
CC2D1A,143,137,119,115,122,136,147,154,142,115
ZBED8,141,105,107,118,96,155,131,117,125,122
PFN2,128,124,140,112,111,107,120,101,92,119
H29490,126,96,120,101,103,119,126,115,126,105
TK2,102,111,137,93,115,130,115,152,124,132
BX117927,124,114,124,96,95,98,90,104,93,99
MED30,387,451,379,420,339,369,482,577,450,324
CB047922,143,125,124,110,114,120,103,105,118,107
NEUROG2,128,131,134,121,138,140,112,131,102,112
TCTN3,127,147,166,139,161,128,171,206,158,173
SUMO3,1294,1735,2000,1796,1473,1613,2254,2223,2018,1859
AARD,108,111,107,96,97,90,94,92,105,91
SMURF2,100,91,101,87,108,86,77,93,86,95
CN305515,116,106,101,115,103,130,123,120,108,132
MTA3,190,237,153,232,174,239,191,169,221,224
TERF2,264,282,275,262,262,215,323,289,320,307
PA2G4,323,433,475,431,484,439,491,503,527,585
WHRN,173,110,125,112,124,157,107,125,101,102
CASP2,874,1080,1079,890,1159,887,1255,1703,1096,1373
MAT1A,82,81,81,79,87,79,84,95,100,100
MIR764,107,92,92,90,104,107,107,109,94,93
BX102092,124,125,109,123,112,92,139,93,106,127
DDR1,97,111,94,122,113,92,96,107,96,97
MRPL16,382,470,514,443,562,392,547,574,527,627
BP394623,122,131,124,88,119,99,105,120,92,105
HAUS4,196,196,225,201,190,215,228,285,247,225
C6orf203,127,145,149,155,151,154,174,158,209,191
IRAK1BP1,89,103,107,93,94,101,109,111,109,109
SEPT10,135,115,119,103,111,99,93,92,105,99
BSPRY,121,184,164,289,227,214,207,208,352,283
CIB1,1593,1548,1637,1199,1179,1617,1800,2655,1585,2132
TMEM216,206,257,272,271,294,280,295,396,315,383
DEFB121,82,78,78,78,78,91,92,84,96,78
TARM1,99,110,100,122,106,123,108,122,126,123
RPL24,7535,8403,10404,11152,7793,8250,9311,10683,10721,9766
MRGBP,924,641,650,616,588,738,552,752,546,485
AI371376,178,142,169,154,172,146,134,157,152,131
ARAP1,170,155,155,137,236,184,177,180,146,231
ATP2B1,144,103,119,130,112,161,136,162,131,138
FKBP11,265,288,476,298,327,256,256,336,176,323
UBAP1,463,398,352,410,461,353,350,305,376,369
DCTD,112,181,213,173,183,166,178,210,264,293
ALS2,420,405,287,312,325,443,378,287,307,423
APOL3,89,105,119,95,126,113,145,122,134,119
NEK1,127,237,194,184,195,158,202,167,156,235
IDO2,108,94,103,123,102,120,127,121,92,98
FAM183CP,199,130,106,159,144,137,107,139,124,122
GLE1,878,985,977,780,864,915,1071,1109,1020,929
MIR1224,102,106,109,133,110,129,118,127,108,134
SEPT5,130,113,107,127,99,130,132,144,123,138
SSBP1,615,925,911,981,615,691,1233,784,904,486
PHLDA1,127,122,109,123,126,94,105,108,109,102
CAMK2N1,114,94,89,93,94,108,109,105,120,123
ZNF205-AS1,91,90,103,98,84,105,98,108,87,106
ZNF274,185,183,169,172,205,225,147,124,158,166
FGFR1OP,114,119,106,118,150,122,147,123,137,170
PMS1,103,112,109,116,133,136,122,125,130,151
TCEB3CL,121,137,120,116,118,101,123,103,115,102
MAML2,133,108,122,144,104,119,105,102,107,105
MTMR12,137,182,189,179,155,135,157,154,160,140
MIR653,98,96,111,96,89,121,112,111,111,95
SNRPA,408,365,426,326,550,380,349,351,349,398
BQ182905,107,92,100,102,98,116,106,100,129,130
LSM2,1173,2330,2535,1960,1811,1499,2336,1968,2396,2276
BU685012,112,103,104,109,100,130,121,107,89,124
BI034219,121,118,128,108,130,104,120,96,116,104
CCDC69,110,123,116,146,135,134,170,143,123,169
SCARNA27,100,102,90,91,119,116,90,134,127,106
ZNF175,249,282,259,273,266,344,297,309,340,303
ASB6,89,94,88,101,91,96,106,107,133,102
FADS3,114,116,147,116,109,142,135,115,117,134
HVCN1,184,199,237,331,172,131,171,192,306,159
MIR33A,107,91,94,105,88,109,123,109,94,109
OR5A2,133,104,122,126,95,98,105,127,95,113
RHOBTB3,89,95,98,101,120,83,111,116,114,121
CKAP2,124,136,145,140,151,129,181,211,156,162
ZBTB9,195,179,178,238,233,168,157,164,181,227
SUPT6H,217,146,171,163,245,174,147,144,147,161
THUMPD1,385,501,510,545,414,432,416,477,538,413
PCDHB9,647,236,227,343,594,625,255,398,345,772
SYNE3,115,133,124,149,135,106,136,114,148,106
C21orf59,206,194,220,214,186,183,240,277,262,231
TMEM57,291,231,200,193,269,230,199,163,186,219
RPTOR,115,126,131,104,135,146,136,189,122,147
PQLC2,105,106,100,112,104,122,123,111,173,98
RNF2,97,84,107,109,116,89,91,97,123,92
LRRC25,84,92,87,89,95,95,99,157,117,103
DUS4L,131,156,167,154,131,168,187,179,166,196
AGTPBP1,95,135,99,96,98,114,156,104,114,108
C19orf84,181,173,129,193,174,193,142,139,162,150
FAM53A,92,99,103,110,99,112,115,116,118,104
TVP23C,210,190,252,307,177,164,181,183,249,146
HIF1AN,221,199,224,219,194,164,188,172,202,202
AK2,2299,2276,1874,1759,1985,2179,1712,990,1664,1715
C4orf3,109,112,113,118,117,103,97,92,87,104
CA8,92,106,96,93,98,121,140,111,87,109
TBC1D31,96,143,135,113,143,104,167,173,123,157
HIST1H4E,153,125,108,125,123,189,105,108,103,109
DNAJB5,135,142,148,160,150,140,127,123,155,127
CXCL14,169,132,116,96,134,162,135,109,113,102
CCR6,17554,16306,13806,15888,18848,17190,15708,19089,18913,19835
ZNF146,900,1137,942,679,829,1054,792,671,642,776
SMIM11A,134,163,158,169,154,137,183,183,243,177
PJA1,125,162,208,174,153,114,139,164,158,108
NBAS,216,221,231,199,207,198,183,198,148,186
ELOVL5,862,750,698,809,552,1042,870,625,948,409
WDSUB1,250,707,553,240,197,290,839,726,281,241
AGPAT4,104,105,116,112,123,100,138,130,126,134
ZNF8,143,126,112,114,124,107,137,105,118,103
MVD,277,186,167,160,191,315,240,183,216,202
SNORA5C,132,131,125,128,117,181,151,128,149,138
AVL9,154,195,166,166,178,169,143,129,132,180
CA439922,113,146,144,127,139,120,145,113,131,112
TULP4,116,117,133,116,128,144,136,128,133,145
VPS29,1886,2336,2298,2550,2030,2410,1982,1944,2526,1924
PRDM11,122,193,215,178,182,156,168,154,146,181
MORF4L1,91,103,116,93,90,111,108,97,107,116
ATP6V0D1,817,618,462,573,763,533,603,365,510,639
TRIM66,213,171,231,198,194,229,173,354,189,301
SETD4,106,132,128,163,141,124,106,109,114,120
OR51V1,96,94,89,90,88,86,115,105,96,108
WBSCR17,117,94,80,119,106,87,100,89,100,91
F2RL3,94,90,89,99,81,90,104,109,135,91
NR2C2AP,322,384,361,309,333,319,349,233,281,288
MED20,334,590,506,493,568,307,437,394,439,537
IL36B,102,118,112,114,94,101,96,96,106,95
MAPKBP1,146,143,108,105,127,127,142,100,96,109
UIMC1,1265,915,1091,795,944,1094,977,1239,890,1150
FRG1,773,1037,884,914,893,770,967,760,756,897
KMT2C,117,96,104,117,140,146,124,135,157,121
NOB1,180,184,158,176,156,199,204,214,193,224
COPS4,166,356,472,445,323,191,336,332,288,307
MARCH6,580,598,602,553,461,869,672,747,537,672
C1orf52,606,658,471,473,517,621,408,446,313,482
PAXIP1,431,247,278,256,216,211,221,288,224,203
TSPEAR,108,95,101,98,89,117,119,107,96,114
INO80E,237,210,172,185,234,237,264,262,187,243
RNA5S9,617,387,282,416,312,481,361,324,334,240
HMGCR,1333,1145,1201,1043,1509,2254,1290,1223,1605,1391
C17orf78,115,134,127,122,124,129,94,107,114,97
TAAR2,119,120,96,128,122,106,110,104,98,103
CALML5,124,128,139,127,104,97,117,110,111,102
HOOK3,154,178,166,197,176,176,152,145,168,137
CETP,122,120,96,108,102,111,125,127,128,124
YIPF6,355,309,327,511,456,422,323,332,477,412
SETD7,83,86,84,104,82,94,105,97,104,91
HSBP1,475,394,418,406,384,417,470,620,568,464
FTSJ1,173,151,155,147,121,125,154,130,128,138
MYH6,145,134,114,117,123,98,124,104,116,106
PRSS53,102,100,112,110,97,139,109,127,118,110
HIBCH,221,255,189,227,267,263,275,212,323,233
F7,112,105,104,133,109,128,132,107,126,116
CD6,84,85,98,98,85,90,100,142,97,99
SPATC1L,110,107,124,124,101,127,144,141,106,118
DCAF1,116,107,156,145,129,108,105,111,126,124
R3HCC1L,293,225,232,258,296,264,184,223,207,225
REXO1,341,266,230,244,292,245,207,268,218,229
TAP2,1134,1696,848,1130,1515,1018,1021,443,706,979
ERO1B,107,98,131,160,129,112,89,116,145,109
CENPVL1,108,103,98,91,106,120,131,96,120,91
ARHGAP12,104,99,102,114,100,106,118,108,128,135
IL10,9216,4280,4150,5922,9884,7982,3899,6856,4968,11152
DR980387,104,113,127,136,126,107,115,109,116,88
BLACAT1,125,122,110,120,129,113,110,105,99,95
CYHR1,104,110,97,93,89,112,108,119,103,114
PSMG2,799,1110,1157,1406,1337,729,1000,975,1409,1072
KIF2A,218,269,242,225,266,209,260,178,195,214
MRPS16,209,356,345,296,320,273,343,371,400,422
PPP1R14C,124,121,121,107,122,105,112,92,105,105
ABCD1,106,100,110,85,121,104,122,124,122,123
UCN,217,144,114,134,151,195,198,158,141,166
TUBA8,116,114,105,106,119,87,114,99,101,95
TRAPPC6B,359,455,469,475,401,527,550,467,497,531
KDSR,101,117,103,94,125,122,120,120,115,118
GRPEL2,260,302,259,230,229,224,313,251,221,202
EIF3J,234,303,291,294,236,249,252,251,272,250
BM980639,117,116,115,125,125,126,147,109,136,139
RHOH,171,161,154,199,179,111,166,148,153,131
ACSF2,104,92,106,88,91,111,106,121,97,99
MIRLET7F1,112,101,126,120,120,99,99,104,115,108
P3H1,149,137,151,150,151,155,148,195,174,228
IBTK,627,655,667,539,454,662,542,564,436,400
BM681042,173,150,133,108,138,115,124,119,141,105
STARD3,130,154,131,146,161,197,169,160,128,215
RTN2,108,120,120,95,104,112,125,122,134,131
AGO1,194,195,158,200,181,190,262,215,225,242
RPL18A,17190,18174,16503,11181,13498,19175,19365,18535,19089,15800
PPIAL4C,102,97,103,113,98,97,124,130,118,110
PQLC3,159,263,262,235,202,171,272,349,334,254
MIR339,112,102,97,97,86,119,101,163,113,110
KCNA10,116,104,101,107,105,126,106,128,107,122
BG220192,114,126,133,111,106,101,111,98,95,92
LINC00638,96,101,93,109,98,91,113,94,118,116
MCPH1,132,139,128,152,156,169,161,132,149,175
FUOM,114,110,106,154,115,140,126,111,163,132
EDC4,919,824,557,640,794,908,919,858,938,998
THOP1,201,270,220,154,406,294,255,241,211,533
NCF1,391,364,271,328,297,456,397,277,380,250
MYL12B,2925,3985,5492,4771,5331,2618,3386,4126,4393,4468
TIAM1,103,98,122,82,92,114,104,105,125,116
RMND5B,124,132,124,113,128,144,166,139,134,151
ZNF702P,98,158,156,140,106,117,136,121,133,112
ZMAT4,112,112,92,104,111,102,97,96,93,84
ZNF232,112,135,130,141,147,131,167,162,156,131
COPS7A,932,1109,903,1267,1040,1109,1227,971,1202,1339
ZNF185,112,106,100,138,114,130,136,113,200,127
VPS4A,115,130,139,138,156,112,140,176,162,159
SFSWAP,428,447,278,282,319,363,389,384,309,368
FBL,1277,1058,1185,1069,769,1660,1236,1719,1209,979
SNORD84,109,121,105,115,115,109,114,100,96,95
CD558651,189,127,116,146,130,112,109,103,115,124
PPP2R1B,118,141,112,140,142,101,121,96,133,155
TTC31,179,229,272,242,232,248,280,276,206,269
CBX2,108,146,126,124,131,94,109,124,110,106
UQCRQ,2088,2352,2655,2395,1934,1691,2719,2798,3144,2564
ERLIN2,110,115,116,112,117,133,128,148,126,133
INTS2,223,266,237,193,169,258,312,323,185,232
IARS2,449,498,653,592,458,420,576,601,651,503
CYP4F12,100,79,89,116,105,87,98,86,81,84
SLC35E3,224,263,204,226,245,261,289,232,220,299
KCNK16,101,97,108,116,112,89,94,107,92,98
MSX1,210,138,114,126,124,143,107,109,133,99
FAM134C,158,241,185,198,215,176,224,255,229,272
H3F3B,1239,707,806,786,1155,1567,932,776,840,1309
ASPM,136,137,125,126,113,109,104,116,102,118
RAC1,1319,1826,1479,1321,1359,1733,1570,1593,1410,1454
AI809874,115,104,125,126,136,103,105,127,108,122
ADAD1,91,100,102,89,90,106,111,91,107,105
ZNF594,154,127,126,132,130,176,164,151,103,148
FBXL20,205,266,187,162,194,168,174,184,151,168
RP9,394,614,723,448,485,382,420,613,417,514
IPO8,202,252,121,253,267,222,291,148,317,364
SORCS1,108,102,110,110,103,91,94,107,110,93
NR3C1,130,163,143,153,131,124,119,143,136,120
EIF3I,1640,1387,1681,1403,1581,1314,1368,1313,1723,1946
POM121C,3507,2726,1676,1748,1886,2973,2232,2179,1757,1821
PARK2,76,86,79,77,83,90,91,85,97,91
RAB7A,1567,1398,1575,1205,1213,1745,1615,1688,1569,1245
LRP2,171,117,123,131,111,110,103,96,107,118
ZFAND2B,224,325,262,245,215,358,284,392,266,232
SLC35B4,128,126,119,125,125,145,144,160,122,132
TTC32,304,246,193,285,308,248,204,197,247,258
LACC1,99,120,131,129,143,110,112,110,124,145
ZNF770,407,482,466,534,380,417,404,385,432,376
ZW10,477,525,503,476,418,378,413,469,530,392
KMT5B,93,88,113,102,89,106,97,126,124,107
LOC286437,124,117,116,112,119,135,114,143,127,146
SNORA12,114,125,129,146,169,154,142,149,148,154
BP396343,106,116,115,100,103,123,123,126,103,88
ANKRD30BL,94,79,86,77,78,94,91,90,98,83
PCDHB1,83,83,90,101,86,85,99,79,102,102
NRSN2,179,144,182,152,140,158,181,184,176,158
SPECC1L,203,214,182,164,202,146,175,163,176,196
MOGAT3,111,104,117,107,110,129,130,116,127,99
MRPS27,276,354,325,336,316,248,414,307,375,375
TOB2,273,264,266,232,190,273,230,229,215,198
TLN1,438,505,585,512,371,560,583,728,656,448
CABIN1,152,140,141,125,156,175,163,170,134,158
SLC31A1,287,248,267,219,193,255,215,246,210,208
PRSS56,102,96,98,105,102,100,94,89,86,83
SPICE1,129,106,120,109,120,97,104,132,87,116
TMX2,769,829,795,1109,1067,779,957,775,1172,1413
CLCN7,2876,1814,1128,979,1912,2903,2093,2054,1207,2354
GRAMD3,137,191,215,180,219,165,192,133,165,213
NUP160,629,607,592,680,601,503,614,526,622,496
LOC441455,142,153,136,143,182,121,126,120,145,124
KIAA0753,129,111,107,112,114,118,125,129,129,133
AP5Z1,176,117,117,132,158,120,112,109,115,168
MIR548Q,116,115,113,95,101,97,96,97,95,106
ZNF774,92,114,90,85,82,104,104,113,87,95
RRN3P1,111,110,122,105,109,127,122,158,122,133
GTF2H2,84,104,115,131,115,90,100,95,141,101
TIMM8A,122,126,138,133,132,137,162,152,170,142
RALGPS2,126,112,115,104,112,97,92,91,120,98
SPOPL,108,130,117,149,131,126,115,152,151,153
PNMAL2,96,100,103,85,92,90,110,113,97,126
CASP4,98,98,119,147,105,83,91,83,110,95
SLU7,257,335,282,310,300,282,299,214,260,215
LINC00493,676,834,970,1104,663,799,1088,963,1168,931
STOML3,129,105,118,100,120,104,102,102,104,95
DAP,288,338,347,322,373,275,293,317,328,261
GRB2,289,358,302,505,354,198,307,290,533,363
AW016732,113,108,110,102,101,93,92,117,91,102
CSPP1,213,174,192,163,135,207,151,211,140,138
BM674833,115,113,120,105,107,98,104,102,92,95
CD200R1,105,107,128,109,119,102,95,93,89,105
ENHO,141,114,116,112,138,140,122,139,119,133
GNB1,2781,4048,3881,3159,3399,3830,4357,4328,3507,3920
HSD17B11,129,103,111,120,111,123,128,128,115,138
PPCDC,87,96,90,80,88,86,89,103,103,101
SAXO2,98,102,98,121,92,120,122,103,113,106
AR,123,123,136,108,104,107,110,112,105,105
RTN4,530,842,840,1138,802,970,969,796,1146,744
CREG1,254,223,183,194,218,228,189,169,168,233
SRSF9,1598,1863,2232,2310,2008,1412,2081,2316,2666,2330
CRADD,186,205,195,211,170,187,232,270,225,182
AW305260,113,128,124,127,139,140,104,122,106,110
TP53I3,104,114,125,94,134,111,132,141,126,150
DHRS7B,168,198,166,145,183,245,185,167,194,195
PLIN2,370,458,435,477,536,307,316,397,416,424
HMG20A,191,214,214,189,260,247,212,253,230,259
OSTF1,808,912,788,945,915,778,1243,879,1057,1051
GNL2,2086,1893,1557,1568,1528,1943,1635,1357,1360,1282
NFXL1,193,180,187,196,141,162,171,174,146,126
CACFD1,128,126,120,123,132,179,146,149,124,130
ADGRG4,121,94,109,125,105,129,126,130,108,117
TSC22D3,86,115,155,139,121,106,139,174,169,136
ADCYAP1R1,80,85,81,78,79,98,85,95,88,92
HIST1H4F,112,100,96,95,113,112,115,152,120,113
BU622756,141,124,129,114,112,114,108,115,96,106
AV707313,103,109,104,104,110,165,122,110,120,104
DENND1C,137,138,125,109,124,142,175,182,138,144
C7orf25,170,181,210,169,165,148,158,137,148,128
TSIX,93,106,95,103,105,81,89,87,90,100
AA904813,123,140,135,127,106,110,124,117,96,96
GBX2,93,98,91,79,90,106,95,100,108,105
COPRS,872,575,379,412,288,474,511,477,451,358
NATD1,95,110,87,109,109,94,89,107,103,92
ACYP2,274,214,212,252,194,186,228,180,187,143
PMM2,421,271,311,224,363,336,270,259,254,345
CASC3,693,434,410,414,568,824,377,351,372,547
BTBD3,205,285,224,252,227,243,187,190,197,235
KDELR1,1129,813,1161,976,798,925,818,1023,752,847
GEMIN6,306,443,324,327,280,341,514,373,398,294
H3F3AP4,516,757,505,924,885,550,657,466,890,711
REEP6,93,102,109,83,99,98,106,127,114,115
MTFR1,111,139,160,142,118,122,106,120,114,122
PP12613,98,107,123,155,120,104,102,97,114,118
C17orf53,167,141,130,147,202,202,169,150,142,182
DR979660,94,112,105,89,92,108,109,114,106,104
OTOR,135,97,120,99,82,108,121,118,114,86
ZADH2,109,110,134,108,120,106,127,171,121,143
MCM7,122,90,110,112,105,95,95,94,119,112
ST7,135,157,170,127,153,129,144,133,124,132
MYO9A,258,268,328,295,372,225,225,268,313,256
CENPV,103,107,111,117,111,129,144,121,111,138
WDR35,83,96,106,94,109,120,105,93,114,111
ITPRIPL1,112,124,125,102,135,111,99,103,115,108
MAFK,93,113,107,113,109,92,94,95,97,93
BCAP29,128,182,278,232,185,137,163,169,160,151
UGT2A2,78,84,99,96,83,98,88,90,99,97
BI753564,108,103,99,97,84,120,102,114,102,116
NDUFA5,137,123,133,127,135,128,110,109,116,158
KLK4,112,115,111,97,97,98,89,109,94,96
TRIM27,135,176,199,182,168,111,152,179,152,166
SLC35E1,372,295,270,297,222,343,298,404,340,239
PKNOX1,121,96,115,113,112,98,85,106,92,105
NLRP8,3485,1664,1332,2655,4322,4363,2599,3057,3028,5473
R3HDM2,147,135,139,132,132,165,176,152,155,136
IFI30,574,495,269,310,606,588,430,274,384,598
A4GNT,133,128,97,127,131,107,110,111,140,111
TNIP3,92,99,111,102,102,99,88,86,82,94
IREB2,216,213,167,227,236,187,200,190,164,180
RRH,103,160,116,105,114,106,121,97,90,99
TEAD4,91,101,106,90,108,86,84,88,99,89
SPATA5L1,178,240,213,199,163,229,231,225,263,179
ANAPC1,252,413,457,363,388,404,587,654,447,408
AI672441,141,106,129,139,124,178,108,112,121,112
SNORD51,110,92,111,89,93,108,99,107,112,93
SCO2,754,469,554,485,791,441,455,494,481,540
SLC25A24,92,105,140,143,122,97,106,114,122,104
COG2,199,329,307,264,279,225,320,386,321,326
PPT2,152,123,129,123,144,135,132,158,163,149
HOXA5,144,111,130,99,112,129,129,155,118,104
CAPN1,442,560,455,455,447,337,549,465,523,713
TMEM261,89,114,109,104,101,108,121,126,111,119
JOSD1,764,742,609,830,768,808,644,489,664,698
BI047056,164,152,135,152,148,143,132,121,174,129
OXTR,147,129,141,134,127,154,161,162,150,138
PCED1A,91,104,108,108,97,116,124,143,108,120
TPMT,353,370,350,236,261,289,339,404,260,304
RNF24,286,325,279,189,269,318,242,249,177,196
LINC01089,240,115,117,113,124,357,150,134,121,123
CA391357,135,131,155,110,120,113,111,136,114,124
BF515229,112,99,103,85,103,119,93,110,123,119
ACVR2B-AS1,100,102,101,89,86,86,97,87,91,79
DLG5-AS1,102,95,95,109,98,102,84,115,84,85
PDGFA,154,175,155,196,115,111,159,130,137,134
FTO,92,112,117,109,109,113,173,125,143,105
DNAJC14,282,297,254,305,256,230,253,200,253,245
GPR65,290,365,446,294,365,257,420,735,391,446
MIIP,144,142,166,143,183,218,166,151,143,172
DEFB119,107,87,89,85,98,105,104,101,103,88
C19orf43,1041,771,736,581,855,662,670,673,625,769
EPB41L3,129,132,133,166,179,169,153,101,159,148
POU6F1,134,116,132,133,132,109,113,115,127,129
LRRC32,195,168,200,158,145,167,146,210,135,124
TMC4,91,94,96,100,98,95,111,113,133,101
SLC25A4,1413,709,931,436,561,1452,617,593,376,663
LOC100130872,140,92,109,107,102,99,93,102,92,93
MAGEA6,124,106,122,122,120,106,116,95,106,100
LINC01105,99,102,99,97,106,114,116,118,106,114
C1orf131,300,426,343,337,360,413,395,410,385,368
BX099310,164,164,156,164,128,142,156,126,161,137
PLEKHA3,106,121,137,150,142,105,119,117,141,122
SCARF2,88,84,80,96,89,83,70,76,76,80
RTN3,168,216,263,238,230,200,205,292,278,265
VRTN,133,132,106,105,117,103,103,98,80,102
MTF1,309,228,260,294,347,282,216,182,255,271
SLC8A2,98,78,101,95,98,81,99,88,80,85
DHTKD1,174,210,239,203,238,262,244,221,190,241
KLF4,119,113,122,136,145,117,88,106,98,123
RIPK3,115,191,213,167,240,134,166,193,139,212
PGD,1088,828,816,701,1346,1079,952,898,884,1114
CLIP4,119,105,119,161,125,156,128,137,150,119
ZNF815P,131,100,125,130,127,120,95,134,111,106
IDI2,130,111,97,101,99,101,118,114,116,121
AHDC1,89,100,105,108,101,99,128,105,117,116
FN3KRP,380,621,591,577,806,582,679,1063,678,1054
TRIM41,95,107,137,123,106,128,109,123,134,110
CRHBP,114,111,107,115,129,113,117,95,99,97
SYT16,90,97,90,105,98,94,88,111,121,112
GZMA,91,90,111,107,108,88,107,93,93,107
FAM200B,163,143,135,112,116,113,118,130,112,119
MAGEB3,97,118,109,104,82,89,85,90,102,117
CCSAP,116,125,131,124,123,101,108,119,117,98
RPUSD1,101,144,135,130,131,118,151,158,133,153
HAS1,89,89,98,86,90,93,120,103,112,86
UBXN2A,525,516,549,557,687,477,375,265,531,478
SFRP2,104,79,91,95,91,105,106,117,103,92
FGF17,113,120,142,108,110,111,153,109,150,130
FOXO6,104,134,110,150,101,107,99,126,128,132
DDN,143,117,118,119,107,104,101,102,96,104
SERINC1,486,548,518,366,411,426,423,451,298,278
CBX3,214,256,336,394,299,282,270,364,451,344
BM984149,112,100,127,121,118,95,114,97,116,103
HARS2,410,445,570,430,436,540,493,556,392,501
TNFRSF10A,94,109,91,98,114,98,113,113,115,98
PER1,97,96,87,109,91,98,110,110,125,101
FAHD2A,170,175,218,163,143,158,183,229,254,196
RABGEF1,317,234,194,250,210,243,206,168,182,203
ERAP1,139,153,137,133,133,119,119,118,122,131
C8orf88,200,198,193,265,163,142,209,162,218,172
NOTCH2,317,382,348,336,321,277,356,262,293,312
MYLK3,90,96,89,113,118,81,84,80,87,91
PSMC3IP,149,161,131,164,194,151,155,125,140,123
STX1A,107,114,116,98,108,130,124,113,114,169
FAM72B,124,150,186,143,152,130,139,123,147,128
MIR515-2,114,106,113,93,102,94,93,98,88,85
B3GALNT2,153,162,146,109,132,127,128,113,115,129
PCK2,125,129,123,128,112,111,107,115,104,109
SDHAF2,1164,1249,905,784,1235,1014,1012,1080,803,1184
TXNL1,405,512,373,915,449,373,484,276,598,391
MOCS2,94,100,122,181,121,100,102,109,181,105
UCN3,89,85,88,92,95,109,95,111,89,102
CAPN15,125,121,112,123,148,153,132,124,141,150
CXXC4,99,94,90,109,101,86,83,95,86,137
TMEM72,103,106,94,91,91,106,99,108,108,113
GBAS,227,277,280,265,202,233,273,218,222,230
IMPA1,703,863,591,870,413,688,698,432,612,306
MYBPC2,105,105,93,91,111,107,92,84,103,91
HOXB1,94,107,90,114,115,101,95,93,92,91
ERBIN,88,90,97,90,98,99,96,116,103,114
EP300,284,331,341,368,329,247,300,318,271,288
TCL1B,127,122,122,115,122,141,141,148,92,133
FUBP1,141,163,152,206,142,129,144,120,132,139
TMCC2,78,95,95,90,88,86,79,78,78,82
SCART1,85,93,93,85,77,97,100,89,106,87
MTR,501,620,587,353,286,672,492,437,307,303
CDC42BPG,93,109,86,86,97,112,110,100,78,106
PCYOX1L,119,119,126,116,128,131,137,159,127,153
FMNL2,88,123,99,107,120,93,86,95,93,109
SLC39A1,481,611,760,682,847,647,766,782,1028,791
ZNF680,212,261,169,172,180,346,219,199,186,206
SRPRA,487,400,520,389,422,433,340,367,318,399
RDX,194,253,189,220,261,235,191,144,191,248
SPN,327,265,310,248,406,356,301,370,330,455
LOC105376064,111,103,128,108,113,127,129,99,134,111
SLC24A1,97,102,113,103,110,118,115,128,122,108
BQ346651,127,140,94,107,136,115,98,96,111,114
COPB2,621,746,710,781,737,654,625,494,642,653
UPF3A,277,267,235,280,237,298,322,406,282,307
SPDYE8P,102,104,88,96,131,118,101,122,105,154
PTGR2,143,134,136,111,115,129,116,95,137,113
GYG1,212,424,360,538,542,286,492,405,487,520
GRK6,110,108,116,144,126,134,132,133,146,143
C1QBP,534,812,966,926,565,657,1044,932,969,636
AI056599,145,134,127,110,122,105,125,110,110,130
C10orf12,187,180,156,141,115,175,136,135,143,116
SFI1,82,78,81,91,92,79,80,94,99,105
METAP1,324,350,435,360,321,370,400,524,410,402
RTEL1,288,173,175,282,249,204,217,233,236,211
C5orf24,107,105,109,135,133,120,125,114,127,133
ZHX3,106,92,103,113,118,102,121,136,115,126
C11orf97,128,127,122,108,87,114,106,93,101,118
GMNN,181,195,159,181,143,145,186,157,181,146
UBR4,2019,1005,888,715,1344,1450,876,524,532,1027
NT5C,1199,1276,1357,1132,1041,1329,1558,1796,1376,1325
ERI1,209,232,202,182,217,240,240,265,191,266
RPL23AP64,2532,3496,3939,4479,3843,3866,4193,4911,6775,4409
FAM24B,149,162,131,134,127,171,154,153,144,164
PAX9,97,89,94,94,82,87,108,90,118,108
SNORD14D,139,108,126,147,145,121,117,113,137,128
ZNF324,177,138,143,127,146,181,165,166,159,139
MAPK9,113,165,163,158,122,123,144,138,167,127
BX110406,126,119,104,127,114,106,103,95,104,119
BX104407,332,153,146,149,145,310,171,151,149,170
IL32,103,161,216,145,97,130,166,295,254,114
TEX15,119,123,97,108,114,99,94,116,90,102
C20656,111,94,112,89,114,114,92,116,94,97
ZNF322,281,258,250,239,209,332,269,311,269,287
ARHGEF35,94,103,111,120,124,88,97,95,120,110
CF121642,282,294,236,132,198,214,257,206,162,187
PES1,508,423,454,453,400,434,395,326,420,342
RNGTT,632,859,609,516,544,738,918,698,576,665
FBXO42,171,177,152,175,149,204,154,142,149,128
IFI44L,434,420,586,824,939,511,450,243,769,801
AI860517,314,210,210,129,178,184,183,240,162,168
POLR3F,204,273,216,262,212,225,225,256,248,256
TMEM33,381,446,422,499,438,436,506,379,503,511
HTR3D,96,94,98,104,85,82,88,84,82,84
